,fraud
14268,0
11577,0
4172,0
14862,0
7947,0
5097,0
9648,0
2380,0
15348,0
7558,0
4901,0
4592,0
15282,1
6603,0
2502,0
12468,0
17791,0
17622,0
8579,0
6463,0
7755,0
2522,0
3138,0
17840,1
17444,0
16601,1
17418,0
10228,0
11492,0
3543,0
11900,1
11878,0
13550,0
3330,0
7347,1
2989,0
2805,0
14366,0
1499,0
16739,1
15165,1
16270,0
16089,0
12165,0
1740,0
16485,0
3680,1
12082,0
11000,1
16005,0
13955,0
6153,0
3469,1
5566,1
11405,0
6716,0
9783,0
2455,0
15002,0
7636,0
5070,0
5003,1
46,0
5989,0
7757,0
11653,1
15041,1
17852,0
4452,0
2314,0
15701,1
8355,0
123,0
7922,0
9558,0
8697,0
13324,0
547,0
14220,0
3982,0
9343,0
14661,0
10928,1
11670,1
15278,0
1645,0
17415,0
1461,0
6546,1
3477,0
13626,0
11491,0
15191,0
10258,0
9495,1
962,1
1056,0
189,0
5265,0
16850,0
5055,0
6180,0
7575,1
8586,0
13277,1
12819,0
7219,0
6397,0
16451,0
17317,0
2311,0
17314,1
13793,0
16223,0
462,0
11390,0
4887,0
10713,0
880,0
5767,0
9205,1
10684,0
11128,0
11118,0
2227,0
14925,0
3130,0
14957,0
56,0
13623,0
8564,0
11380,0
5478,0
6491,0
7939,0
6368,0
11146,0
486,0
2605,0
9442,0
4183,0
11882,0
11153,0
16539,0
13592,0
9382,0
1739,1
16232,0
6366,0
15873,0
12425,0
3308,0
9303,0
1138,0
15489,1
13050,1
6538,0
4851,0
965,0
8570,0
3091,0
14338,0
2898,0
15487,0
17700,0
6647,0
13430,0
12399,0
9139,0
9324,0
3073,0
7375,1
14404,0
14988,0
17190,0
3875,0
11845,0
5222,0
12964,0
809,0
13386,0
11421,0
17214,0
3306,0
2694,0
9914,0
13197,1
1498,0
5552,0
16101,0
2518,0
9521,0
16107,0
8534,0
6912,0
872,1
5564,0
13498,0
2718,0
5252,0
11649,0
7861,0
17237,0
9179,0
7915,0
11048,0
4463,0
8621,0
7416,0
505,0
3335,0
6542,0
9462,0
10218,0
6181,0
13462,0
13037,0
17059,0
9421,0
8964,0
12381,0
10183,0
13393,1
3856,1
16006,0
8901,0
14040,0
12981,0
13429,0
786,0
7983,0
9836,0
1797,0
3750,0
11061,1
15891,0
6342,0
9800,0
7382,1
10447,0
9181,0
17411,0
17408,1
4291,0
6441,0
2033,0
10599,0
11968,0
14912,0
4466,0
13491,0
15468,0
2901,0
1731,0
11558,1
17091,1
10616,0
6945,0
13943,0
2968,0
9971,0
9349,0
11215,0
9383,0
4131,0
6025,0
10263,0
13250,0
4884,0
14399,0
2153,0
9276,0
1012,0
2061,0
7660,0
7013,0
13052,0
15906,0
11360,0
951,0
16979,0
15846,0
14933,0
11464,1
611,0
6914,0
14822,0
11618,0
16729,0
15766,0
10493,0
17463,0
17621,0
16678,0
2934,1
9319,1
2424,0
7295,0
12633,1
6462,0
4602,0
13478,0
17933,0
12761,0
4050,0
13986,0
7082,0
17216,0
16348,0
5868,0
5043,0
5248,1
2320,0
5792,0
12071,0
12270,0
11875,0
9250,0
12298,0
360,1
13535,0
3227,0
17732,0
1044,0
3934,0
17836,0
8120,0
8203,0
5188,0
529,0
2730,0
2963,0
10913,1
4138,1
643,0
3766,0
12849,0
1913,0
10688,0
3702,1
4937,0
4231,0
8250,0
2971,0
3718,0
13678,0
3132,1
523,0
3988,0
4211,0
8183,0
6220,1
16156,0
10731,0
9354,0
3254,0
9700,0
10997,0
14010,0
15987,0
3181,0
7776,0
17042,0
7901,0
6904,0
17929,1
9469,0
14573,0
9378,0
17082,0
11185,0
4395,0
5392,0
13016,0
6486,0
2986,0
5465,0
13214,0
2841,0
6583,0
13717,0
6848,0
11218,0
4201,0
6106,0
11522,1
9153,1
8032,0
17692,0
13070,0
2271,1
14930,0
6336,0
2427,0
5974,1
14208,1
287,0
6202,0
1124,1
5813,0
5680,0
1767,1
7571,0
16662,0
16897,0
8698,1
3046,0
8404,1
16508,1
9641,0
5975,0
10312,0
4883,0
562,0
849,0
7634,0
6755,0
1372,1
10528,1
10171,0
9888,0
4510,0
15268,0
10940,0
4852,0
15420,1
14793,0
12351,0
14200,0
4473,0
8388,0
7054,0
916,0
13570,1
6902,0
14045,0
6359,0
3317,0
14559,0
4094,0
2248,0
16419,1
9922,0
656,0
14242,0
11422,0
6097,0
842,0
572,0
5615,0
15711,0
12034,0
13326,0
16810,0
11687,0
5271,0
14929,0
10644,0
11574,0
16749,0
4111,0
3692,0
11203,0
17820,0
11755,0
886,0
12290,0
5168,0
10126,0
10103,1
16642,0
16996,0
10345,0
4019,0
5553,0
7516,0
5007,0
14232,0
7925,0
15790,1
6609,0
3830,0
9104,0
16551,0
10995,0
12314,0
6635,0
5454,0
17799,0
5227,0
12635,1
3841,0
9008,0
9526,0
8101,0
1397,0
1567,1
17365,0
5094,0
7950,0
11115,0
883,1
5263,0
17278,1
16315,0
8003,0
12081,0
12469,0
15190,0
6319,0
8922,0
3625,1
15580,1
8155,0
8945,1
11047,0
13312,0
12865,0
9524,1
10292,0
1479,0
6144,0
2835,0
14879,0
15016,0
12422,0
9583,0
8947,0
9854,1
77,0
11661,1
5563,0
15815,0
13688,0
7442,0
7691,0
10745,1
11373,0
4187,0
12402,1
5082,0
4322,0
15844,0
7701,1
2526,1
2178,0
743,0
9609,0
15058,0
4069,0
17779,0
1543,0
14077,0
14881,0
17465,0
12429,0
8849,0
7403,0
16652,0
16609,0
3366,0
3223,0
15401,1
6890,0
8114,0
17225,1
14113,0
4215,0
2551,0
6503,0
75,0
12728,0
1286,0
3051,0
5952,0
15065,0
16088,0
17096,0
17624,0
16008,1
5302,0
161,0
6548,0
11729,0
17482,0
5412,0
3787,0
15328,0
9738,0
7214,0
740,0
7699,0
12996,0
7940,0
17128,0
13958,0
8831,1
33,0
3473,0
8839,1
16247,0
7138,0
14539,0
608,1
10501,0
15051,0
3945,0
5876,0
378,0
8680,0
49,0
4362,0
4348,0
8874,0
6482,0
11235,0
13523,0
8063,0
6822,0
6565,0
4663,0
14122,0
17223,0
16506,0
4330,0
13660,0
12393,0
7288,0
2211,0
15915,0
4363,0
9064,1
15433,1
4207,0
2635,0
4238,0
737,0
15332,0
8786,0
9456,0
9037,0
881,0
15476,0
11362,1
3977,0
10529,0
2622,0
678,0
8441,1
9618,0
13410,0
12702,0
7248,0
12503,0
16423,0
7186,0
14078,0
17029,0
12674,0
2966,0
8000,0
1013,0
1538,0
4450,0
9887,0
2568,0
14733,0
9859,0
4819,0
10996,0
6023,0
6080,0
6324,1
16868,0
7535,0
14241,0
11324,0
7479,0
5538,0
13520,1
1226,0
6821,1
7681,0
9954,0
4790,0
11064,0
9774,1
11686,0
3679,1
8740,0
5541,0
17628,0
17530,0
13475,0
14197,0
4999,0
2299,0
4784,1
4761,0
15881,0
2633,0
5614,0
16964,0
2399,0
14717,0
5758,0
10877,1
4665,0
4081,0
16169,1
8760,0
14726,1
1624,1
4455,0
10708,0
5179,0
4248,0
9538,0
9785,0
2214,0
11918,0
2881,0
1836,0
11319,0
2368,0
6232,0
7960,0
11220,0
14938,0
14809,0
12888,0
3294,0
5929,0
8921,0
4021,0
14952,0
3048,0
14239,0
6210,0
16970,0
16682,1
11041,1
591,0
10921,0
638,0
3918,0
8829,0
11443,0
11224,0
2960,0
2715,1
715,1
8451,0
8666,0
12951,0
539,0
4865,0
12308,0
12570,0
14649,0
3972,0
16364,0
17396,1
6695,0
6776,0
5701,0
11288,0
14719,0
1395,1
7261,0
8167,0
13372,0
17561,0
12726,1
1389,0
6242,0
5052,0
6037,1
17279,1
15786,0
16323,0
14205,0
3591,0
10971,0
15671,0
3352,0
16923,0
11756,1
17546,0
11966,0
5867,0
927,0
3422,1
17931,1
8211,0
5594,1
1721,0
438,0
1573,0
5529,0
12020,0
14986,0
5532,0
8315,0
15060,0
3808,0
9703,1
11765,1
13102,0
5934,0
15271,0
9395,0
7136,0
2654,0
10638,0
6169,0
17592,0
15117,0
1699,0
11551,1
15995,0
14884,0
5014,1
3465,0
11411,0
387,0
15529,0
15138,1
12108,0
3797,0
15377,0
17527,1
2772,0
11394,0
8419,0
9084,0
10770,0
1160,0
3128,0
2108,0
14740,0
11225,0
7801,0
4254,1
2643,1
3975,1
11703,0
4627,0
2156,0
12826,0
13896,0
17936,0
345,0
11953,0
5848,0
16844,0
1002,0
4480,0
14621,1
16955,0
7524,1
11720,0
16068,0
1893,0
15767,1
13971,0
16400,0
1156,0
10543,0
5161,0
13306,0
8219,0
2916,0
3911,1
9637,0
8238,0
6530,0
9592,1
9292,1
5947,0
721,0
17525,0
6781,0
309,0
4043,0
14924,0
7291,0
11393,0
5286,0
3488,0
14403,0
7450,0
12618,0
2268,0
4375,0
10766,0
15124,0
12303,0
12271,0
2194,0
5120,0
1635,0
748,0
15520,0
10741,0
17934,0
5428,0
17501,0
1390,1
177,1
16829,1
14810,0
12925,1
13327,1
4268,0
16861,0
16363,0
9499,0
15096,0
7030,0
714,0
3881,1
1654,0
15955,0
10370,0
4720,0
10604,1
16011,1
13993,0
7414,0
17360,0
16544,0
10835,1
17994,0
3929,0
1315,0
3587,0
6570,0
15059,0
15232,0
4271,0
3303,0
9981,0
16069,0
8598,0
5685,0
16411,0
8348,0
1651,0
2401,0
17868,0
4253,0
11752,0
1850,0
3559,0
11776,0
990,0
10912,0
8307,0
11518,1
17773,0
5444,0
14154,0
5255,1
1536,0
8873,1
12608,0
9948,0
3040,0
1742,0
10180,0
17405,0
13163,0
17363,1
11044,0
13268,1
4194,0
17862,0
6271,0
9957,0
15150,0
9820,0
1811,0
14664,0
2291,0
10009,0
8377,0
15201,1
17315,0
7630,0
17111,0
8319,0
8739,0
461,0
3790,0
8882,1
7122,0
440,0
15238,1
6656,0
475,0
16699,0
15931,1
670,0
6086,1
4055,0
16824,0
12535,0
4192,0
12853,0
949,0
3757,0
3780,0
6235,0
4958,0
12114,0
11139,0
2894,0
11125,0
6506,0
6589,0
6047,1
3277,0
11999,0
3722,0
16816,0
17772,0
298,0
5743,0
2008,1
4591,0
3618,0
5902,0
16847,0
12836,0
12280,1
2032,0
14253,1
270,0
14492,0
121,0
16428,0
9906,0
5517,0
4600,0
5837,0
16149,0
15774,1
16290,0
10029,0
10675,0
4910,0
9679,0
14858,0
11136,0
8853,0
10066,0
12792,1
3213,0
1561,0
11813,0
3415,0
1938,1
12189,0
15087,0
12504,1
13350,0
16160,1
2220,0
7029,0
9764,0
15388,0
17394,0
9228,0
7740,0
11468,0
17256,0
4731,0
17860,0
11570,1
16238,0
7275,0
16673,0
4189,0
16320,0
9390,0
3528,1
17777,0
10949,0
1931,0
15174,0
12229,0
12681,0
17057,0
2997,0
8631,0
16448,0
8303,1
4156,0
5828,0
16946,0
9698,1
9042,0
13821,0
16548,1
1877,0
45,0
3216,0
6209,0
14709,0
17491,0
15,0
8060,0
13333,0
16717,0
3038,0
5768,0
8688,0
4682,1
7786,0
12724,0
3869,0
1255,0
6788,1
9184,0
8711,0
2604,0
3578,0
787,0
4669,0
11605,0
13864,1
196,0
14405,0
13725,0
15247,0
9397,0
14980,0
5088,0
5626,0
4076,0
1190,0
10390,0
12854,0
5214,0
7520,0
12411,0
10804,1
7107,1
16942,0
12253,0
16358,0
7867,0
5578,0
7968,0
6257,1
7202,0
16097,0
1101,0
3605,0
18,1
10989,0
6318,0
7980,0
8986,0
8176,0
13203,0
1370,0
2048,0
8231,0
896,0
11702,0
11785,0
12463,0
16878,0
17823,0
10369,0
3451,1
15141,0
15382,0
8903,0
12593,0
16553,0
15022,0
2842,0
7506,0
9214,0
13355,0
1947,0
17661,1
858,0
16651,0
8775,0
8365,0
15875,0
5267,0
9253,1
14619,0
1786,0
16386,0
17097,0
9571,0
17134,0
5229,1
12587,1
7206,0
16449,1
13511,0
4688,0
8890,0
17145,0
2736,1
4794,1
14816,0
15169,0
7303,0
13711,0
2832,0
2732,1
17924,0
5343,0
1887,0
17340,0
11001,0
9404,0
11111,0
119,0
7892,0
4676,0
5118,0
8256,0
9926,0
1410,0
12457,1
10485,0
5661,0
13791,0
13653,0
14367,0
4174,0
14231,0
1102,1
6132,0
1435,1
7301,0
17312,1
1691,0
14085,0
877,0
11507,0
5978,0
11124,0
17169,1
11330,1
4218,0
8017,0
685,0
15203,0
15032,0
9974,0
6631,0
102,0
6374,1
592,0
15983,1
11137,0
16537,0
4748,1
17238,0
11130,0
8368,0
3717,0
6865,0
17723,1
13136,1
17013,0
6979,0
15585,0
11815,0
14211,0
13664,0
2090,0
3049,0
1489,0
9148,1
6759,1
7919,1
2785,0
15982,0
9768,0
7290,0
2950,0
8048,0
12179,0
16815,0
1338,0
14236,0
244,1
11996,0
8761,0
3950,0
1418,0
10727,0
7988,0
9091,0
3147,1
1357,1
16830,0
12221,0
11959,1
771,0
12669,0
16056,0
3973,0
9762,1
1251,0
15533,0
9018,0
7345,0
11194,0
10937,0
8350,0
258,0
11534,0
17221,0
13195,0
11338,0
12982,0
6516,1
9217,0
11734,0
10965,0
17523,0
4219,0
10133,0
2954,0
5482,0
15229,0
10160,0
12269,0
1575,0
8695,0
6926,0
12605,1
7798,0
8716,0
7905,0
3654,0
3691,0
15251,1
2135,0
14067,1
3272,0
10992,0
14796,0
17509,0
15611,1
9298,0
7296,0
15421,1
4811,0
5518,1
1596,0
15498,1
14141,0
1362,0
12785,0
5011,0
14780,0
15715,0
516,0
14863,0
3616,0
12515,0
821,0
88,0
2327,0
2623,0
15110,0
12923,0
843,1
15947,0
5411,0
15459,0
4273,0
4246,0
6186,0
8893,0
4398,0
12597,0
16666,0
4100,0
10990,0
6111,0
16563,1
11152,0
5759,0
5300,0
8607,1
16381,0
12594,0
11930,0
2743,0
17988,0
11043,0
8567,1
8382,0
2161,1
14961,0
11279,0
5040,0
6362,0
12557,1
3651,0
13290,0
17068,0
9058,0
9773,1
15390,0
9061,0
6307,0
12653,0
2548,0
10435,0
2855,0
6648,0
15240,1
9135,0
12322,0
493,0
17449,0
4548,0
10757,0
15044,1
13285,0
11658,1
10106,0
14052,0
14826,1
11420,0
9176,0
16487,1
6794,0
14501,0
2321,1
4045,0
4113,1
757,0
1698,0
1562,0
1673,0
9482,0
11666,0
11883,0
6052,0
7072,0
13261,0
701,0
5032,0
431,0
16839,0
4511,0
2580,0
14587,0
15760,0
5470,0
14992,1
16268,1
13404,1
12752,0
753,0
17028,0
3067,0
115,0
15079,0
6832,0
5167,1
6031,0
16138,0
16619,0
13533,0
2520,0
17714,0
12267,0
11147,0
12602,0
628,0
16014,0
7137,1
7713,0
1519,0
2334,1
9633,0
11271,0
14711,0
9073,0
2281,0
5312,0
3185,0
693,0
6290,1
17975,0
2247,0
17660,0
9479,1
6188,0
16133,1
12881,0
14861,0
3318,1
14328,0
10420,0
12029,0
10511,0
9819,0
16755,0
7578,0
14479,0
6416,0
8169,1
5624,0
13069,0
5341,0
15860,0
8255,0
17309,0
14837,0
3461,1
17928,0
10810,1
5077,0
17356,0
13758,0
15960,0
1977,1
10305,0
12201,1
2562,0
9581,0
4281,0
11626,0
5499,1
10548,0
6889,0
10364,0
8320,0
14866,0
15004,0
1550,1
4073,0
17696,0
12822,0
16659,1
9619,1
15991,0
12540,0
15880,0
4321,0
17182,0
10509,0
12001,0
13186,0
9550,0
4765,0
7351,0
1974,0
8674,0
15923,0
17834,0
17821,0
2158,1
11566,1
9714,0
11286,0
17778,0
17035,1
1380,0
7427,0
16297,0
7114,0
14503,0
8438,0
15798,0
9444,0
12875,0
11260,0
14546,0
10336,0
3269,0
2514,0
6468,1
10488,0
8930,0
10593,0
2999,0
7735,1
15761,0
653,0
17348,0
6036,0
14218,1
9294,0
112,0
5462,0
17691,0
9332,0
4022,0
6872,0
5453,0
6808,1
10518,0
9342,0
2503,0
3610,0
5698,1
16065,0
4990,0
17655,0
12137,0
2845,0
14867,0
7639,0
12858,0
7307,0
2452,0
6975,0
11424,0
498,0
3782,1
6148,0
5640,0
2341,1
14521,0
14869,0
3536,0
3229,0
16865,0
13753,0
14421,0
15027,0
14315,0
10654,0
1205,0
807,0
15158,0
3739,1
7797,0
12550,0
3581,0
9564,0
10772,0
11409,0
10606,1
12591,0
13421,0
15737,0
14605,0
8418,0
13457,1
16246,0
6835,0
4506,0
15755,0
550,0
12405,1
8784,0
6961,1
978,0
15569,0
12936,1
9451,1
10437,0
13317,0
7485,1
11316,0
17774,0
9877,0
573,0
2703,1
7110,0
12367,0
11955,0
10513,0
1463,0
534,1
7232,0
3547,0
3805,0
15554,0
16693,1
15482,0
11713,0
3928,0
13665,0
905,0
2802,0
2838,0
9187,1
12614,0
6101,1
14294,0
3885,0
16796,0
14212,0
14790,0
8747,1
15369,0
10124,1
10461,1
16454,1
7259,0
16620,0
2754,0
11462,0
2298,0
9717,0
4556,0
3378,0
14736,0
15543,0
6606,0
1717,0
8887,0
13359,1
17485,0
11657,0
823,0
6234,0
9409,0
8398,0
8136,0
6303,0
8605,0
8342,0
4599,0
10250,0
9962,0
15606,0
4714,0
7787,0
3237,0
13497,1
2795,0
7689,0
8324,1
17162,1
10057,0
15285,0
12327,1
1971,0
11531,0
17952,1
4543,0
10132,0
3754,0
16182,0
8478,1
8543,0
4800,0
2446,1
9365,0
11965,0
7338,0
10273,0
16625,0
7537,0
7244,0
6892,0
331,0
16578,0
1613,1
5784,0
4292,0
7841,0
11630,0
4255,0
12237,1
5548,0
8827,0
10187,0
3167,0
10600,0
9478,0
14854,0
17351,0
13935,0
6259,0
4350,0
5446,0
4579,0
2504,0
6702,0
2959,0
6262,1
3896,0
12541,0
13266,0
14485,0
11403,0
5591,0
3393,0
5298,0
9437,0
2075,0
14767,0
14522,0
15705,0
10674,1
5258,0
14234,0
6396,0
16468,0
2713,0
4430,1
7697,0
5228,0
16026,0
14678,0
16132,0
6764,0
13040,0
10711,1
5010,0
7024,0
9535,0
7456,0
12924,0
12733,0
3661,0
16746,0
11154,0
5560,0
14009,0
5274,0
15650,0
4840,0
14071,0
3319,0
7377,0
7125,1
5021,0
10621,0
4623,1
3948,0
175,0
5503,0
855,0
15759,0
2386,0
12763,0
3156,0
2863,0
6621,1
13064,0
2204,0
2673,0
11058,0
6372,0
6067,0
2913,0
132,0
7109,0
16576,0
3115,0
13612,0
14283,0
10319,1
2241,0
4997,1
15739,0
17898,0
641,0
14327,0
13680,0
7562,0
15189,0
6070,1
11554,0
2491,0
3035,0
10577,0
5202,0
2761,0
15924,0
15621,0
12272,0
3261,1
10500,0
11385,0
439,0
4962,0
2661,0
4880,0
10955,0
6723,1
7168,0
7076,0
15985,0
6761,1
7276,0
7335,0
5371,0
5567,0
7843,0
12921,0
7733,0
4972,0
246,0
3474,0
16515,1
10350,0
6076,0
7568,0
17291,0
14987,0
15195,0
7519,0
1225,0
8401,0
204,1
14118,0
13886,0
12530,1
4849,1
16340,0
14066,0
10025,0
16186,1
8577,0
2191,0
4788,1
7407,1
17808,0
7587,0
3935,0
2695,0
8243,0
16909,0
3045,0
4355,0
16103,1
3245,0
4020,0
16081,0
5713,0
12397,0
12130,1
8146,1
9680,0
11032,0
15765,0
6952,0
869,0
13676,0
5338,0
7739,0
12649,0
5812,0
10446,0
9638,0
14528,1
4416,0
4633,1
15642,0
10946,0
10504,0
2453,1
14299,0
2246,1
3789,0
7974,0
1848,0
8764,0
8098,1
6348,0
4142,1
1714,0
7929,0
17758,0
3380,0
7170,1
15315,0
6939,1
7641,0
12295,0
14545,0
16552,0
2036,0
220,0
3423,0
11651,0
8931,1
16418,0
6519,0
10426,0
3373,0
15076,0
3116,0
2144,0
10093,0
4359,0
10634,0
13451,0
13637,1
5825,0
4396,0
4155,0
1387,0
15885,0
1592,0
15547,0
8545,0
9262,1
4203,0
15101,0
4341,1
2232,0
3228,0
15057,0
15972,0
12565,0
980,0
15220,0
9417,0
17245,0
6602,0
16025,0
5543,0
5174,0
4351,0
5803,0
11358,0
15914,0
5490,0
7378,0
9389,0
6228,0
11439,1
11265,0
9398,0
2319,0
14426,1
15228,0
5492,0
17585,1
7670,0
14286,0
9393,0
3239,1
8549,1
10039,1
8852,0
3510,0
14978,0
7706,0
17252,0
1553,0
5656,0
5572,0
13624,0
7439,0
11837,0
305,1
17392,0
1301,0
5973,0
10523,0
2516,0
9202,0
10471,0
5657,0
15323,0
7599,0
11958,0
8910,0
11143,0
17425,1
2082,0
17912,0
3753,0
17387,0
4815,0
482,0
16077,0
14506,0
14199,0
14477,1
7503,0
12927,0
16849,0
4515,1
1409,0
2142,0
8766,0
12040,0
9498,0
11980,0
12089,0
1515,0
5126,0
13505,0
15084,0
5324,0
1031,0
6338,0
11984,0
9978,0
9193,0
7581,0
8525,0
1496,0
4898,0
14410,0
1471,0
11824,1
9387,0
12495,1
15811,0
13425,0
15112,0
14646,0
6078,0
19,0
2937,0
610,0
17845,0
5074,0
16538,1
531,0
17910,1
14722,0
2615,0
3418,0
13698,0
9360,0
14622,0
9143,0
5690,1
10341,0
15552,0
4134,0
2312,0
14672,0
13760,1
10565,0
725,0
7435,0
5893,0
16015,0
928,0
8928,0
16266,0
11987,0
14971,1
15379,0
9755,0
5121,0
649,1
16982,0
4787,0
12971,0
3009,0
3430,0
72,0
16424,0
5275,0
6090,0
1625,1
10702,0
1858,0
12208,0
1973,0
5421,1
5477,0
5900,0
7904,0
16154,1
5019,0
9261,0
13880,0
17746,0
15528,1
3440,0
667,0
12905,1
8954,0
3954,0
13388,0
15882,0
16329,0
8080,0
2445,0
12265,0
11864,0
13701,0
11865,0
17540,0
17067,0
16072,0
17915,0
9557,0
11960,0
7260,0
14763,0
1646,1
12039,0
14512,0
14261,0
13346,0
10222,0
10495,1
5448,0
6787,0
11914,0
3560,0
188,0
255,0
6639,0
7207,0
11757,0
5546,0
13608,0
704,0
3829,0
16118,0
11174,0
10532,0
15294,0
2366,0
1287,0
12466,0
8456,0
10355,0
7893,0
5757,0
14103,0
14745,0
17873,0
8546,0
16915,0
370,0
5359,0
15492,0
12544,1
7858,1
4008,0
10192,0
10327,1
1359,1
16656,0
10852,0
3845,0
4293,1
7903,0
12522,0
1670,0
12809,0
5597,1
7406,0
11339,0
7645,1
1512,0
961,0
8376,0
17935,0
6254,0
10074,0
4817,0
134,0
13569,0
6767,1
16981,0
10361,0
3678,0
15889,0
4086,0
6476,0
8624,0
5890,0
11132,0
8338,0
13757,0
10279,0
167,0
4182,0
13908,1
6726,0
5375,0
12626,0
12350,0
13484,0
16961,0
9440,0
9589,1
11381,0
16892,0
8210,0
781,0
2404,0
9310,1
13148,1
14331,0
9441,0
9050,0
15502,1
835,0
1751,0
8957,0
16630,0
17122,0
16099,0
14588,0
1683,0
1116,0
10620,0
3333,0
1096,0
13655,0
3125,1
12394,0
6063,0
13989,0
5570,0
4969,0
7041,0
11028,0
9547,1
12870,0
13376,0
16639,1
14111,1
17887,0
971,0
7388,0
6404,0
1247,0
3682,1
4756,1
14323,0
15480,0
5034,0
7825,1
13119,0
2876,0
6477,0
7595,0
2019,1
10442,0
12957,0
13466,0
10693,1
3756,1
13922,0
4289,0
6425,0
8701,0
15732,0
10855,0
16396,0
122,0
15913,1
8357,0
6544,0
14123,0
6087,0
4553,0
2313,0
4831,0
9686,1
7117,0
3193,0
16504,0
5406,1
4778,0
8514,0
12052,0
15301,0
503,1
558,0
9976,1
2601,0
2903,0
491,1
4863,0
6187,0
16204,0
6958,0
11017,0
16413,0
3655,0
12543,0
16649,1
12375,0
9760,0
6529,0
16527,0
7726,0
13693,0
17034,1
17410,0
16198,0
4736,1
13732,0
10040,0
8280,0
108,1
14982,0
2847,0
10747,0
4667,1
530,0
8206,0
11461,0
6797,0
2262,0
12437,0
3097,0
3921,0
13724,1
16191,0
1903,1
14409,0
1842,0
10749,0
3575,1
3997,0
16091,0
6757,0
5707,0
16627,0
14483,0
11635,0
3205,0
15699,0
6121,1
13970,0
15841,0
12666,0
15918,1
13152,0
3562,0
12247,0
2009,0
5103,0
9934,0
10068,0
8006,0
4000,0
2890,0
9710,0
13690,0
4116,0
3148,1
17113,0
15861,1
8065,0
15822,0
5699,1
1322,0
7452,0
1531,0
6942,0
17438,0
12751,0
14369,0
15140,1
14345,0
16929,0
6877,0
13885,1
14013,0
9659,0
15264,0
10095,0
2931,0
16292,0
5196,0
14114,1
972,0
7496,1
13907,1
4657,0
11236,1
9304,0
15519,0
2217,0
6573,0
3844,0
10019,0
9933,1
3267,0
1189,0
3952,0
9701,0
15297,0
8741,0
7252,1
454,0
14097,0
6236,0
14397,0
12516,0
3123,0
13720,0
14716,0
7052,1
3860,0
818,0
6038,0
5932,0
768,0
12842,0
14025,0
7396,0
17971,0
13116,0
7267,0
16558,0
17638,1
15515,0
15509,0
11171,0
16316,0
17135,1
9541,0
13530,0
8020,1
8088,0
13143,0
9403,0
16349,0
4060,0
8470,0
5859,0
10736,1
9967,0
3003,0
17694,0
14799,0
11230,0
4674,0
17526,0
17151,0
2849,0
1177,1
10384,0
8504,0
7547,0
1331,0
8735,0
9508,0
10983,1
12519,0
10371,0
10906,0
13460,0
10563,0
3075,1
9007,1
6448,0
7827,0
6994,0
15404,0
3956,0
7447,0
10520,0
3027,1
15883,1
9289,1
15177,0
12289,0
17002,0
7566,0
11951,0
10756,0
2945,0
17327,0
8074,0
15290,0
5785,0
12136,0
12458,0
3603,0
10503,1
10401,0
13334,0
9242,0
2942,0
4256,1
7502,0
16704,1
1871,0
1289,0
8059,0
15062,0
3548,0
16295,0
9982,0
9929,0
1980,0
12676,0
237,0
13927,1
4716,0
5908,0
5391,0
12,1
17033,0
11129,0
8632,0
2781,1
7668,0
4210,0
10394,0
7751,0
12520,0
492,0
15605,0
1194,0
4358,0
5800,0
9431,0
4730,0
8113,0
14624,0
16724,0
1978,1
10322,0
17919,0
5357,0
11257,0
5437,1
223,0
525,0
14380,0
10317,0
2014,1
11151,0
14944,0
8992,0
6809,0
11133,1
16831,0
447,0
9405,0
15698,1
8609,0
7124,0
2420,1
7553,0
13963,0
1349,0
14696,1
1327,0
15833,0
13575,0
17092,0
7204,0
14541,0
6891,0
17606,0
3525,1
8071,1
14429,1
12412,0
1580,0
13322,1
9534,1
4989,0
1999,0
13331,0
5226,1
13156,0
334,1
1367,0
10556,0
5895,0
3387,0
4533,0
8217,0
7870,0
240,0
11926,0
11898,0
1341,0
7671,0
10134,1
3127,0
13888,0
1776,0
13307,0
9566,0
1722,1
16988,0
4691,0
7914,0
14571,0
11640,0
15082,0
6671,1
6224,0
1495,0
17192,0
3992,0
3481,0
12157,0
15460,0
15467,0
9692,1
15305,0
1083,0
3523,0
1524,1
16766,1
12371,0
686,0
13298,1
17046,0
14207,0
9562,0
8253,0
16718,0
5005,0
12625,0
17982,1
16350,0
4693,1
8581,0
7704,0
11173,0
5152,0
1310,0
7346,0
8664,0
6610,1
6420,0
385,0
1619,1
9483,0
2205,0
6043,1
16054,0
2828,0
15789,0
11008,0
2112,0
16387,0
4104,0
8670,0
16100,0
13130,0
14079,0
1371,0
8529,0
17659,0
10458,0
6678,0
7451,0
15070,0
3089,1
6798,0
8582,0
10650,1
507,0
7601,1
17276,0
14334,0
16203,0
3516,0
11973,0
12276,0
11251,0
2982,0
9896,0
5539,0
12506,0
8929,0
11619,1
3087,0
9682,0
14170,1
14378,0
12665,1
8106,0
1120,0
926,0
5524,0
16178,0
13001,0
16509,0
4379,0
8976,1
10811,0
10866,0
6587,0
3674,0
2710,0
3949,0
12222,0
10761,1
632,1
11794,0
8447,0
16573,0
13378,0
16875,0
4209,0
17247,1
16361,0
3731,0
14486,0
15637,0
11664,0
15217,0
3534,0
6005,0
17725,0
17089,0
13255,0
13513,0
17930,0
10128,0
4804,0
8548,0
16634,0
4527,0
5217,0
12729,0
3275,0
9606,0
12059,0
12717,0
11767,0
9038,1
6916,0
4432,0
4701,0
1250,0
6829,1
12811,0
6541,0
7775,0
15414,0
14049,0
17136,0
5309,0
5596,0
3404,1
16674,0
9920,0
11834,0
15641,0
1131,0
11935,0
1579,1
9736,0
15682,0
10722,0
10065,0
43,0
14529,0
552,0
2509,0
15660,0
940,0
17582,1
6763,0
4028,0
457,0
1727,0
16213,0
11978,1
6238,1
17081,0
5642,1
11410,0
17827,0
12104,0
3531,0
12748,0
5641,0
17842,1
17721,0
3807,0
3632,0
5065,0
3794,0
12116,0
5190,0
512,0
2575,0
10680,0
15233,0
9979,0
15963,0
17718,0
10943,0
16417,1
9769,0
12711,1
10737,1
4847,0
4315,0
3201,1
7616,0
6489,0
824,0
6833,0
340,0
5985,1
14350,1
16592,0
12657,0
5085,1
2123,0
6661,1
10873,0
13114,0
1051,1
16128,0
17489,0
3257,0
17963,0
17764,0
9192,0
1467,0
6988,1
5046,0
16031,1
7187,0
1639,0
6009,0
5332,1
16317,0
2496,0
1920,1
13874,0
15854,1
6263,1
12300,0
6520,0
11786,0
6867,0
4465,0
3388,0
9268,0
6775,1
13284,0
3163,0
4793,0
16903,1
1671,0
7549,1
9765,0
517,0
13617,0
16931,0
9542,0
16233,0
7066,0
6175,1
4347,0
12391,0
16210,1
6670,0
4845,0
4007,0
12188,0
1045,0
7243,0
17798,0
8732,0
11781,1
6840,0
10162,1
17829,1
3204,1
8205,0
9885,0
14458,0
5368,0
5858,0
3951,1
541,0
2249,0
15696,0
10958,0
12973,0
8687,0
758,0
1760,0
13293,0
3874,0
13309,1
16425,0
6995,0
1649,0
8884,0
8386,0
9780,0
10229,0
6511,1
10542,0
5894,1
14341,0
12577,1
6728,0
1198,0
3854,0
3135,1
16397,0
9921,0
5603,0
7071,0
7724,0
2820,0
2984,1
13465,0
8962,0
11013,0
13088,0
14411,1
9603,0
5090,0
14050,0
12193,0
13030,0
15532,0
14267,0
14442,0
7815,0
11887,0
11481,0
3249,0
5878,1
17630,0
3464,0
11652,0
14806,1
9335,0
8035,0
9837,0
11680,0
5142,0
3763,0
1965,0
8573,0
4041,0
15443,0
1050,0
10246,1
2978,0
15677,0
3042,0
7426,0
668,0
10586,0
6911,0
9493,0
5057,1
3285,0
8381,0
10746,0
8625,0
16284,1
15300,0
3139,0
15764,1
10060,0
419,0
12087,0
16706,0
9923,1
16762,1
14713,0
9048,0
1457,0
16112,1
1814,0
13338,0
17224,1
7688,0
17137,0
13860,0
4074,0
11872,0
12480,0
6727,0
7612,0
4405,0
11399,0
3325,1
15236,0
5710,0
17308,0
14188,0
17559,0
3542,0
14568,0
15703,0
8187,0
706,1
5284,0
8466,1
14630,0
8194,0
9749,0
13223,0
1532,0
5351,0
4846,1
14962,0
2824,0
2465,0
2373,0
4421,1
14249,0
898,1
9761,0
5987,1
11175,0
12010,0
2044,0
15791,0
4107,0
11519,0
9101,0
8800,0
5582,0
15521,0
11345,0
1700,0
17571,1
13901,1
13120,0
10054,0
9138,0
8271,0
17375,0
13872,0
10239,0
7652,0
17536,0
392,0
3265,0
12580,0
4144,0
6507,0
15838,1
13587,0
7661,0
816,0
3648,0
4457,0
5389,0
13340,0
4776,0
12155,1
495,1
10397,0
9093,0
6069,0
5540,0
6251,0
16119,0
7343,0
3414,0
16432,1
11867,0
7460,0
1590,0
3253,0
5127,0
8912,0
14228,0
17374,0
1967,0
10003,0
12223,1
10320,0
16833,0
1634,0
2483,0
15415,1
6484,1
5569,0
7990,0
13240,0
14907,0
5131,1
4160,0
16104,0
9719,0
9160,0
1926,1
16696,0
865,0
17435,0
6432,0
7800,0
9126,0
1021,0
2037,0
15391,0
17227,0
14578,1
14979,0
3466,0
11418,0
10655,1
12012,0
7032,0
4232,1
6341,0
1292,0
5327,0
9858,0
16184,0
6501,0
15199,0
11131,1
3920,1
9351,0
3371,0
16498,0
11113,0
12690,0
9784,0
5885,0
11535,1
2349,0
12361,0
1944,0
12687,1
2537,0
15523,1
12037,0
3656,0
17040,0
404,0
400,1
2782,0
17637,0
16429,0
8196,0
17228,0
2119,0
3636,0
17295,0
7807,0
16526,0
15135,0
15743,0
5783,1
13123,1
14008,0
15074,0
14794,0
14275,0
17824,0
11779,0
4976,0
3186,1
6913,0
11859,1
16918,0
8461,0
3713,0
9271,1
16817,1
2823,1
9277,0
8809,0
3623,0
248,0
5982,0
374,0
15491,0
16500,0
14001,0
11632,0
5959,0
3781,0
12721,0
16490,1
3065,0
17058,0
12749,0
10267,0
17189,0
8923,0
16745,1
9392,0
2825,0
1137,0
13209,0
14927,0
13882,1
4643,0
8093,0
11098,0
1734,0
13751,1
2375,1
8010,0
16394,0
5129,1
9265,0
11120,0
2783,0
10626,0
16127,0
15560,1
4222,0
8129,0
5953,0
10576,0
3095,0
16306,1
836,0
235,1
2286,0
5256,0
11613,0
7604,0
6970,0
2677,0
16857,0
4433,0
9097,0
13954,0
16885,0
11155,0
3506,0
11546,0
12310,0
12259,0
2456,0
7708,0
4559,1
7408,0
1949,0
7795,0
9519,0
11908,0
4486,0
14279,0
4974,0
7696,0
17617,0
852,0
15295,0
7422,0
5995,1
9512,0
6302,0
6997,0
9614,0
5051,0
4181,0
5602,0
7605,0
17009,0
2381,0
15092,0
1648,0
7133,0
3642,0
10015,0
16302,0
11091,0
1197,0
3000,0
15173,0
13976,1
13756,0
6496,0
8482,0
3503,1
5220,0
13128,0
12299,0
1425,0
7156,0
7806,0
2423,0
13706,0
14752,1
10170,0
6858,0
5794,1
11575,0
12058,0
17520,0
4565,0
9578,1
10683,0
15512,0
10987,0
10235,0
12745,1
6198,0
11451,0
13184,0
5670,0
10841,0
1209,0
630,0
17858,0
16117,0
14685,1
6576,0
16711,1
16016,0
66,0
15447,0
6943,0
16304,0
3900,0
12941,0
7409,0
14136,1
1946,1
13877,0
227,1
13276,0
3011,0
13988,1
2361,0
14859,0
12077,1
14692,0
16221,0
3071,0
7093,0
5662,1
13761,1
16075,0
14732,0
11884,0
40,0
5471,0
4410,0
14841,0
1309,0
12062,1
2091,0
5225,0
14277,0
3402,0
1140,0
17568,0
9464,0
7731,0
12683,1
10393,0
10564,0
6973,0
16540,1
9944,0
756,0
12461,0
17288,0
6004,0
2962,0
2363,0
13166,0
7489,1
17039,0
3108,0
15653,0
10409,0
16034,0
7646,0
11940,1
2571,0
9049,0
1441,1
6260,1
1874,0
11467,1
8781,0
1584,0
14779,0
13564,0
925,1
10172,0
15576,0
16697,0
904,1
6054,0
17259,0
17233,0
335,0
14127,0
5649,0
9003,1
1345,0
2807,0
3006,0
14850,0
3232,0
14893,0
7176,0
2569,0
9549,1
4707,0
6407,0
12388,0
16234,0
5423,0
17114,0
5234,0
2094,0
14395,1
16758,0
10748,0
14769,0
3541,0
568,0
15615,0
6968,0
2458,0
12481,0
3501,1
13937,0
7962,1
4834,0
4521,0
9134,0
7532,0
10123,0
2354,1
9786,0
8585,0
5722,0
14063,0
14795,0
4570,0
10897,0
2231,1
11933,1
6582,1
17379,0
1098,0
8950,0
1705,1
10284,0
8057,1
15338,0
6645,0
13486,0
14317,0
14637,0
16327,0
11608,0
2303,0
6514,0
6636,1
37,0
16823,0
2991,0
3913,0
7383,1
3554,0
10365,0
499,0
1997,0
6347,1
15033,0
8599,0
11369,0
17980,0
7590,0
14564,0
12773,0
528,0
9560,1
16205,0
12356,0
4223,0
9027,0
14140,0
10589,1
5561,0
6946,0
848,0
11866,1
4031,0
17522,0
5288,1
4777,0
10264,0
14453,0
889,1
9879,0
15445,1
9969,1
17455,0
7372,0
2662,0
13750,0
15654,0
5419,0
2567,0
4647,0
14311,0
17481,0
3459,0
13975,0
4399,0
14243,0
3078,1
15218,0
12250,0
2174,0
15680,0
17544,0
14579,0
4469,0
708,0
10742,0
9517,0
5629,0
5646,0
7857,0
10663,0
4018,0
14904,0
4001,0
2821,0
14946,0
17675,1
15405,1
6386,0
4828,1
14007,0
3214,0
13552,0
8857,0
17361,1
10285,0
14647,0
13931,0
6640,0
5033,1
7005,0
14090,0
7659,0
1400,1
8506,0
10668,0
399,0
12120,0
5913,1
9419,0
10301,1
2585,1
5495,1
12282,0
13365,0
10416,0
14747,0
6838,0
14254,0
4070,0
9149,0
16241,0
7337,0
11408,0
10374,1
9966,0
7146,0
12340,1
13594,0
16963,0
2261,0
5384,0
9909,0
11445,0
3664,1
6633,0
5901,0
6983,0
8154,0
7484,0
9204,0
519,0
14644,0
8601,0
16618,0
12377,0
662,1
2810,0
2398,0
17260,0
12698,0
41,0
3689,0
3420,0
1637,0
1256,1
6363,0
1909,0
12997,0
4151,0
5117,1
15291,1
11796,0
5843,1
3311,0
9454,0
12991,0
6977,0
14788,0
7917,0
4275,0
1894,0
6178,0
9227,0
10551,0
7953,0
16930,0
6204,1
10553,0
15099,0
13179,0
4724,0
2222,0
4912,0
4779,1
7997,0
9449,0
1757,0
15262,0
7038,0
10151,0
875,0
27,0
11227,1
6277,1
11282,0
4252,0
5502,1
2928,0
3925,0
13468,0
12368,0
4325,0
16877,0
10438,0
16860,1
3460,0
2471,0
7105,0
1361,0
4767,0
4821,0
11303,0
1542,1
2001,0
7331,0
468,0
15602,0
3892,0
2621,1
1574,0
17452,1
8665,1
17088,0
13329,1
924,0
13345,0
3817,1
6322,0
15350,0
1758,0
8300,0
2024,0
9821,0
11668,1
6375,0
14142,0
5510,0
16486,0
14401,0
12917,0
15362,0
7341,1
10709,1
12225,0
17620,0
397,0
3933,0
13170,0
6494,0
8089,0
882,0
11308,0
14897,0
14542,0
16406,0
3624,0
9016,1
15718,0
7022,0
17487,0
11807,0
6910,0
352,0
14074,0
1652,0
9793,0
1053,0
10796,0
2101,1
9556,0
12632,0
3796,0
14219,0
13415,0
17271,1
7015,0
9807,0
14516,0
13038,1
12335,0
4679,0
8021,0
970,0
4822,0
4283,0
2616,0
15541,0
12442,0
12031,0
1392,0
8794,0
7737,0
2624,0
10838,1
3433,0
8823,1
4654,0
3563,0
8201,0
584,1
15944,0
5806,0
9034,0
14759,0
116,0
2429,0
6046,0
17589,1
17747,0
6674,0
13797,0
6932,0
2026,0
4952,0
14968,0
12417,0
9777,0
5808,0
8185,0
6389,0
15386,0
7279,0
17470,0
11055,0
15601,0
684,1
11759,0
2035,0
7189,0
290,0
8450,0
5388,0
13381,0
17790,0
5516,0
10398,0
3867,0
4850,0
7394,0
6906,0
9173,0
3890,0
13573,0
6742,0
2523,0
1258,0
12338,1
13584,0
63,0
8759,0
1066,1
5660,0
16027,0
14167,0
1508,0
14373,0
8542,0
12217,0
14926,0
11789,0
13262,0
2544,0
6233,0
13945,0
2410,0
1910,0
17720,0
5438,0
16638,0
6955,0
7773,1
16510,0
17333,0
4882,0
10956,0
17942,0
6027,0
17306,1
10428,0
1991,0
15257,0
8955,1
15078,0
4625,0
16293,0
9588,0
10006,0
16063,1
6418,0
3044,0
12529,0
9958,0
12950,0
11478,0
749,0
2129,0
11237,0
15274,0
15363,0
13335,0
65,0
1326,0
9959,0
16046,0
17198,0
15436,1
10778,1
635,0
8379,0
17105,0
16593,0
681,0
7094,0
5198,0
6011,0
9834,0
5639,0
8290,0
8742,0
1831,0
4671,0
3759,0
9112,0
6985,1
11397,1
10888,1
13204,1
12887,0
7852,0
520,1
7364,0
14420,0
9500,0
5939,0
15961,0
5133,0
14484,0
17950,0
7175,0
3175,0
7497,0
13579,0
9725,0
10091,0
6897,0
16980,0
15098,0
13957,0
1009,0
11565,1
9518,0
4959,0
13185,0
2223,0
13449,0
3904,0
14262,0
12918,0
16472,0
2193,0
5399,0
10706,1
6715,0
4881,0
4240,0
9151,0
2459,0
118,0
12410,0
2995,1
5235,0
10672,0
14824,0
8916,0
15530,0
1921,0
17051,0
3211,0
12202,0
11901,0
15418,1
2053,0
5245,1
10254,0
11144,0
2975,0
10659,0
7653,0
12243,0
1958,0
4923,0
10432,1
832,1
17213,1
17432,1
1340,0
16871,0
6436,0
4561,0
14377,1
8870,0
15122,0
14577,0
8505,0
723,0
17795,0
7227,0
6990,0
13790,0
15263,1
10482,0
372,0
5571,0
11937,0
1604,0
15020,0
7981,0
4795,0
3173,1
15689,1
1745,0
11353,0
9274,0
13873,0
10099,1
4786,1
2970,0
1386,0
6705,0
14805,0
948,0
16294,0
4103,0
15887,0
15827,1
17322,0
14645,0
10728,0
16325,0
17969,1
4535,1
11579,0
6941,0
3596,1
6411,0
5997,0
10871,0
4464,0
3264,0
12345,0
15816,0
8191,0
2219,0
192,0
10274,0
9510,0
10751,0
9325,0
4303,0
13155,0
1306,0
10376,1
1664,0
2280,1
4998,0
11643,0
2047,0
15302,0
14500,0
11543,0
14084,1
10053,0
10980,0
7638,0
1552,0
13147,0
17940,0
2882,0
2440,0
383,0
15103,1
10324,0
2811,0
12616,0
13315,1
16285,0
8083,0
10000,1
873,0
1108,0
4960,0
10834,0
10936,0
8422,0
4299,0
8988,0
3021,1
2372,0
15943,0
13502,0
5733,0
6959,0
8481,0
13894,1
15748,0
2926,0
8808,0
1264,0
5945,0
1694,0
5898,0
8132,0
1222,0
1803,0
3786,1
1577,0
7536,0
15017,0
15366,0
9553,0
9801,0
13257,0
11939,0
16880,0
14509,0
544,1
506,0
10380,0
637,0
433,0
3824,1
15736,0
7774,0
3226,0
11447,0
16461,0
5547,0
2822,1
12166,0
17759,0
13942,0
8536,1
9425,0
4932,0
13805,0
2492,0
1541,0
10214,0
11827,0
5810,0
10627,0
2717,0
2818,0
8296,0
2741,0
12824,1
7932,0
13024,0
11119,0
2388,0
13737,0
284,0
2920,0
1768,0
13059,0
16653,0
12418,1
11971,0
36,0
1771,0
9779,0
8425,0
16951,1
12989,0
17658,0
16369,0
14839,0
3400,0
986,1
14693,0
15314,1
2074,0
5875,0
3778,0
8844,0
16162,0
5668,0
10167,0
15966,0
7555,0
1865,0
10150,0
1890,0
16043,1
9804,0
10022,0
6354,0
3169,1
16042,0
5872,0
2050,0
6240,0
1303,0
3101,0
208,0
1227,0
1718,1
17388,1
1046,0
3133,0
7350,0
14189,0
3715,1
14495,0
8822,0
7943,0
8750,0
14031,0
14750,0
2145,1
3917,0
13167,0
11961,1
13615,0
8812,0
11991,1
13117,0
11487,0
3120,0
16047,0
10497,0
7969,0
1822,0
14247,0
9900,0
6378,0
15133,0
6162,1
15179,0
17316,1
9249,0
5108,1
7784,0
6439,0
8038,0
3413,0
3342,0
5557,0
2546,0
17792,0
8236,0
8894,0
1192,0
9651,0
13556,0
9515,0
4331,1
15899,0
3463,0
11162,0
14332,1
15970,1
4835,0
6581,0
17429,0
6048,1
8702,0
9490,1
14592,0
13571,0
3230,0
11072,0
52,0
17439,1
15647,1
8111,0
4874,0
4260,0
12118,0
15938,0
8576,0
14857,0
5379,0
15958,0
405,0
16351,1
11346,0
9835,0
7614,1
6343,0
15840,1
17629,0
10941,0
6013,1
13771,0
16226,1
8383,1
16332,0
211,0
16776,0
17835,0
12525,0
11084,0
11050,0
5187,0
3878,0
10533,1
11404,0
11947,0
5870,0
4944,0
3134,0
3290,1
11426,0
788,0
8356,0
12764,0
11101,0
4528,0
5611,0
2480,0
7909,0
13883,1
5206,1
2949,0
2871,1
15665,0
6460,0
15847,0
752,0
16645,0
3224,1
285,0
6676,0
15186,0
12477,1
14099,1
12974,0
2138,0
7486,0
15901,0
4917,0
17200,1
3390,0
15152,0
6123,0
15000,0
307,0
9158,0
5842,0
6176,0
5209,0
2154,0
6328,0
9740,0
8644,0
5910,1
13984,0
2274,1
9849,0
5175,0
13999,0
16038,0
2216,0
1325,0
11277,0
14233,0
7313,0
15879,0
3198,0
10892,0
359,1
7509,1
7710,0
1748,0
1193,0
510,0
12699,1
5576,0
3836,1
3146,0
16533,0
10139,0
16322,0
8989,0
3351,0
2499,0
17183,1
13483,1
11201,0
9753,0
3174,0
13292,0
5807,1
13604,0
15808,1
16727,1
16669,0
14695,0
10230,0
9630,0
9727,0
7695,0
2869,0
6167,1
4721,0
10224,0
6435,0
2196,0
15272,0
1568,0
10664,0
17395,0
12378,0
5634,0
4772,0
3374,0
943,0
10567,0
860,0
6184,0
8524,0
7044,0
12668,1
5653,0
2550,0
1817,0
17499,0
15231,1
1001,1
1265,0
1270,0
16185,1
12912,1
15953,1
11312,0
12218,0
10110,1
4424,0
3676,0
6644,0
2084,0
13342,0
12736,0
11297,1
15738,0
6421,0
13671,0
5946,0
7461,0
17805,0
8274,0
11839,0
17880,1
3349,0
11829,0
2696,0
2225,0
12141,0
2481,0
1558,0
12517,1
16283,0
13371,1
10959,0
10415,0
5720,0
10562,0
17889,0
12696,0
10753,0
2883,1
8886,0
13510,0
6245,0
5387,0
8532,0
4354,0
9939,0
10431,0
7716,0
16305,0
5349,0
8748,0
10769,0
8788,0
13727,1
5378,1
1766,0
12976,0
17997,1
8190,0
10544,0
7938,0
15978,0
16404,0
11476,0
2647,0
1802,0
15632,0
1875,0
8428,0
1657,0
12977,0
5961,0
14888,0
3149,0
2333,0
354,1
6221,0
16148,0
917,0
16748,0
12695,1
3734,0
483,0
14681,0
10260,0
17157,1
14229,0
17147,0
9075,0
12266,0
5735,0
17833,0
4323,0
4785,0
11158,0
17430,0
15729,0
4168,0
5339,0
113,0
13900,0
6398,0
6873,0
15031,0
16474,0
11695,0
13158,0
15253,0
9924,0
4016,0
1662,0
6984,1
7246,0
489,0
10842,0
5340,0
12070,0
16643,0
12174,1
11545,0
6082,0
3644,0
17964,0
3967,0
5295,0
4747,0
9766,1
12647,0
7945,0
7392,1
5520,0
6158,0
1330,0
7102,0
17311,0
7400,1
13492,0
9997,0
15281,0
14801,1
9661,0
3259,0
16445,0
7837,1
4481,0
14721,0
10552,0
4276,0
5725,1
9131,0
13110,0
17839,0
1424,0
15613,0
15548,0
13825,0
2089,0
6478,1
6605,1
4703,0
778,0
10013,0
12638,0
10311,0
14730,0
8069,0
16274,0
16901,0
588,0
6131,0
9188,0
13786,0
9013,0
3037,0
13774,0
2345,0
5697,1
10538,0
281,0
6073,0
8427,1
2879,0
14676,1
13528,1
10876,0
642,0
17956,0
10895,1
1615,0
4320,0
8907,0
4895,0
4063,0
278,0
16022,0
14202,0
9931,0
16239,1
12700,0
1436,0
11436,0
11975,1
8983,0
9371,0
8123,0
16591,0
7673,0
17305,0
11835,0
4120,0
6451,0
1932,0
15164,0
12386,0
12904,0
15721,0
9548,0
17728,0
13726,0
15307,0
15693,0
2566,0
2369,0
12471,0
1095,0
11184,0
4317,0
16890,0
13218,0
3007,0
15172,0
1844,0
14600,0
9565,1
2666,0
7586,0
17409,0
11830,0
10822,0
13755,0
7490,0
17654,0
11910,0
1169,0
1007,0
14921,0
11493,0
4471,1
10970,0
2324,0
17697,0
8100,0
13226,0
15722,0
7894,0
17124,1
10354,0
7567,0
4088,0
8371,0
12741,0
11306,0
3084,0
6143,0
16935,0
7712,0
1720,0
14209,0
4128,0
9612,0
16572,0
566,1
1091,0
10582,0
13618,1
10776,0
1883,0
4344,1
11555,0
8848,0
13542,0
1248,0
14172,0
4326,0
2987,0
8973,0
8216,0
639,0
7179,0
6689,0
17025,0
14358,0
11413,0
11198,0
4536,1
10905,0
17729,0
2859,0
15200,1
12455,0
17116,0
17255,0
12304,0
15510,0
6632,0
7977,0
14416,0
13058,0
12060,1
4893,0
2852,0
14055,0
4453,0
4660,0
13159,0
16225,0
1279,0
16074,0
13199,0
1746,0
13972,0
3703,0
2809,0
13241,0
7152,0
7330,0
12630,0
9642,0
7529,1
12416,0
4891,0
6624,0
1430,0
11473,0
13995,1
6170,0
10105,0
9014,0
1052,0
7875,0
16273,0
13448,0
17472,0
15862,0
9487,0
650,0
5575,0
7328,0
13067,0
973,0
2200,0
2021,0
17318,0
4843,0
13562,0
2658,0
13534,0
11727,0
17943,0
13839,0
4597,0
9572,0
10615,0
2259,0
2614,0
8708,0
524,0
13801,0
4726,0
8067,0
3964,0
16554,1
5616,0
8797,0
4439,1
9874,0
12146,0
4926,0
3751,0
17533,0
17788,1
8002,0
242,0
6010,1
10112,1
2923,0
1134,0
3113,0
13953,0
12000,0
13969,0
16728,0
13099,0
11530,0
3005,0
8843,0
5891,0
12446,0
930,0
2651,0
14307,0
13731,1
16482,0
15393,0
12928,1
9221,1
5607,1
12374,0
15252,0
4826,0
14455,0
11712,1
2278,0
17926,0
2532,0
1448,0
13930,1
1144,1
2752,0
2362,0
13243,0
6403,1
7304,0
8841,0
15594,0
9632,1
1274,0
716,0
73,0
10974,0
1528,0
800,1
6525,0
15081,0
5841,1
5157,0
3162,0
12789,0
974,1
12390,1
5675,0
11188,0
3969,0
10740,0
5719,0
11843,1
16262,0
12784,0
13323,0
9254,1
1437,0
1679,0
13265,1
17650,0
1296,1
10964,1
2290,0
7637,0
7656,0
8590,0
13305,1
722,0
168,0
862,0
11885,0
14402,0
1048,0
5728,0
10407,0
3015,1
17861,0
10372,0
754,0
9186,0
1723,0
10647,0
16646,0
13949,0
16585,0
866,0
13235,0
15829,0
9669,0
3774,0
10058,0
617,0
15048,0
2521,0
1469,0
8362,0
436,0
35,0
8594,0
13295,0
17299,0
16928,1
1472,0
202,0
12426,0
14276,0
12804,0
16991,1
14224,0
3835,0
6673,0
11761,0
4855,0
1665,0
8559,0
5798,0
17847,0
367,0
12915,0
6905,0
12675,0
5487,0
3106,0
14650,0
3811,0
14623,1
11160,0
13845,1
1911,1
8343,0
16998,0
2510,1
4908,0
15006,0
6515,0
17676,0
16113,0
4987,0
95,0
2682,0
8647,1
3449,0
11903,1
7511,0
11822,0
13403,0
17000,0
6147,0
17689,0
12567,0
13702,0
11244,1
3570,0
16379,0
17296,0
14356,0
6161,0
13559,0
9705,0
15317,0
8891,0
14989,1
6345,0
15614,0
12474,0
16613,1
15030,0
17431,0
10717,0
10578,1
13165,0
15586,0
3241,1
11327,0
2791,1
11585,0
5630,1
17357,0
17153,0
2078,1
8859,0
14811,0
13174,0
16007,0
2254,0
16568,0
11331,0
8610,0
9720,0
7297,0
14364,1
17671,0
473,0
5467,0
1704,0
6754,0
15920,1
5200,0
3012,1
3852,0
147,0
3876,0
13842,0
7850,0
3865,0
11863,1
13610,0
14902,0
10870,0
9113,0
8055,0
5832,0
11348,0
14325,0
10499,0
13635,0
8247,0
12245,0
17974,0
9965,0
7551,0
15196,1
13716,0
3062,1
15917,0
9364,0
13198,0
2980,1
6264,0
3827,0
12930,0
7515,0
13754,0
10860,0
11059,0
5272,1
12606,0
6429,0
14105,0
13891,0
11172,0
13850,0
12291,0
310,0
9163,0
1789,1
4728,0
6062,0
10417,0
17607,0
10972,0
10714,0
17713,0
16851,0
3758,0
12558,1
6002,0
12894,0
17603,0
190,0
10323,1
9334,0
7086,0
616,0
3666,1
3909,0
260,1
10531,0
10242,1
15842,0
17281,0
10676,0
2672,0
5414,0
892,1
17715,0
12884,0
6473,1
5551,0
8396,0
17486,0
3307,1
2086,0
551,0
12965,0
6528,1
15989,0
688,0
13239,0
9133,0
2701,0
14895,1
6557,0
837,0
11646,0
10948,0
7009,0
8696,0
14184,0
17760,0
17532,0
3485,0
10642,0
11538,1
11954,0
12099,0
13865,0
5935,1
5919,0
8267,1
3406,0
11062,0
9111,0
9039,0
10836,0
5056,0
12658,1
2011,0
125,0
1741,1
8352,0
1506,0
2637,1
1795,0
8825,0
2565,0
733,1
2598,0
13959,0
12966,0
13721,0
10268,0
3740,1
2266,0
10351,0
13160,0
13495,0
10783,0
9894,0
16502,1
4916,0
10828,0
3694,0
9709,0
6564,0
8824,0
11002,1
13145,0
5377,0
15434,0
13308,0
10665,0
8681,0
10206,0
4460,0
15178,0
1533,0
1024,0
17708,0
11753,0
453,0
12022,1
7719,0
1014,0
5968,1
3773,0
15093,0
9424,0
2300,0
8018,0
1736,0
4305,1
12400,0
6189,0
8635,0
1869,0
12588,0
14033,0
859,0
1365,0
14497,0
9183,0
12373,0
2433,0
7864,0
4115,0
8864,0
3010,0
3365,0
13280,0
409,0
17574,0
8248,1
10205,0
6431,0
14117,0
12821,0
11034,0
3358,0
10102,0
64,0
14461,0
353,1
14076,0
12325,0
16230,0
1994,0
407,0
7679,1
10360,1
15990,0
7293,0
16934,0
6092,0
11730,0
14690,0
7472,0
11936,0
446,0
5025,0
5899,0
15422,0
7882,0
11614,0
16166,0
5635,1
6231,0
8554,1
5148,0
15310,0
12980,0
5266,0
7192,1
9307,0
402,0
16972,0
2062,0
7002,0
3564,0
1220,1
11892,0
15441,0
13358,0
7190,1
3291,0
724,0
8984,0
11242,0
9815,0
8803,0
6684,0
2755,0
12689,0
3617,0
1653,0
2691,0
9302,0
15490,1
5048,0
4956,0
1218,0
9586,0
7385,0
3119,1
14738,0
10894,0
14372,0
7119,0
1600,0
3915,0
10378,0
1257,0
11334,0
12238,0
8492,0
9985,0
4003,0
13320,0
1263,0
6773,1
1549,0
236,0
6687,0
17794,0
417,0
15042,0
2627,0
7165,0
10055,0
17180,0
9004,1
12278,0
16958,1
14948,0
17803,0
12363,0
16541,0
16806,0
5460,1
13084,0
6567,0
4620,0
16002,0
5283,0
11307,0
12812,0
1641,1
238,0
3192,0
17610,1
2073,0
17497,1
1060,0
6830,0
555,1
4993,1
16965,0
3462,0
17830,0
12727,0
10924,0
14469,0
13622,0
12045,0
268,0
15431,1
5777,0
1087,0
12850,0
8004,0
14271,0
1042,0
17018,0
11511,0
847,0
17103,0
2330,0
3117,0
16457,0
5367,0
10759,0
4650,0
10494,0
15496,1
13440,0
9798,0
8460,1
15508,0
8118,0
1661,0
11525,1
4152,0
16936,0
8240,0
3202,0
11063,0
4206,0
10225,0
173,0
13447,0
7194,0
11349,0
9415,0
8676,0
9391,0
15890,1
4699,0
17300,0
16916,0
11769,0
15456,1
282,0
17623,0
12487,0
5659,1
14593,0
12747,0
2559,0
13762,0
2155,0
5586,1
3777,0
14094,0
12931,0
2602,0
10466,0
15383,0
4652,0
12712,0
10098,0
17674,0
16777,0
618,0
4279,1
13965,0
2273,1
9509,1
931,1
16689,0
17684,0
17502,0
17093,0
12969,0
9012,0
14398,0
5906,0
9180,0
11356,0
13691,1
5027,0
9025,0
16987,0
16703,0
1733,0
6313,0
4374,0
17555,0
1394,0
13007,0
17339,0
12307,0
11142,0
14877,0
9980,0
17041,0
6065,0
10858,0
14447,0
6623,0
14616,1
3593,0
16993,0
13074,1
12639,0
13813,0
10637,1
9467,0
2449,0
12445,0
15464,0
4178,0
10904,1
12346,0
148,1
12659,0
5372,0
396,0
7665,0
9532,0
7916,0
4139,1
14875,1
5366,0
9602,0
7468,0
15993,0
15687,1
14173,0
10216,0
942,0
1851,0
580,1
16152,0
10789,0
4954,0
16881,0
4266,0
14333,0
987,0
16242,0
420,1
15452,1
1084,1
9300,0
17272,1
601,0
15160,1
16495,0
2919,0
13703,0
3776,0
1743,0
5544,0
14519,0
1168,0
8346,1
186,0
12760,0
6871,0
11148,0
4493,0
3243,0
2107,1
9806,1
9666,1
2737,0
17775,1
5050,1
14856,1
12802,1
11414,0
4681,0
2443,0
12885,1
15358,0
6818,0
12160,0
10771,0
12281,0
13142,0
11580,0
15563,1
846,0
2170,0
7023,0
17154,0
13053,0
14159,0
14704,0
17951,0
5413,0
10236,0
12762,0
17129,1
341,0
12986,0
487,0
5474,0
3452,0
16999,0
17467,0
7791,1
11790,0
4743,0
15239,0
844,0
6936,0
1039,0
5224,0
12101,0
17884,0
11803,0
5568,0
13783,0
8952,1
14175,0
13105,0
11435,0
13838,0
14384,0
17258,0
4586,1
17633,0
23,0
11073,0
3987,0
16484,0
8561,0
12049,0
6663,0
798,0
9880,0
1599,0
17634,0
8768,1
5273,1
4485,0
7741,0
2671,1
463,0
1342,0
11344,0
9830,0
3454,0
14969,1
742,0
12780,0
12111,1
16583,1
4136,1
16569,0
11321,0
8731,1
1888,0
2925,0
6900,0
133,0
7650,1
8537,0
411,1
12035,1
17080,0
9233,0
12571,0
4771,0
7941,0
16716,0
2263,0
11746,0
988,0
15695,0
14889,0
2152,0
15154,0
17462,0
4532,0
1438,0
13157,1
11778,1
5937,0
3640,0
5084,0
3394,0
16924,0
15928,0
8232,1
7369,0
2628,1
1099,0
7664,0
7714,0
1235,0
12464,0
10410,0
222,0
10082,0
437,0
11503,0
17813,0
7212,1
3017,0
12123,0
12627,0
14227,0
2751,0
12073,0
3276,0
14870,0
2689,1
1299,1
8369,0
14240,0
4382,0
12339,0
4270,0
3518,0
12559,1
2229,0
4634,1
8926,0
9338,0
476,0
10399,0
13509,0
17597,0
149,0
3535,1
1233,1
12901,0
17867,1
1620,0
2406,0
3866,1
2352,0
2799,0
16584,0
7834,1
4309,0
775,0
1343,0
8892,0
8685,1
14748,0
6113,0
3489,0
4264,0
11808,0
17749,1
11684,0
6150,1
1412,0
4401,1
6117,0
8733,0
10375,1
12622,0
1872,0
16570,0
7075,1
15709,0
8722,1
10245,0
3851,0
4185,1
11187,0
13857,0
12546,0
15620,0
12859,0
9247,0
8168,0
15064,0
12993,0
17998,0
1174,0
12365,0
308,0
477,1
4508,0
9215,0
13800,0
16789,0
7113,1
11611,0
13301,0
4842,0
274,0
16853,1
15216,0
6584,0
5535,0
10925,0
7817,0
6851,0
3576,0
5016,0
2728,0
434,0
1839,0
10121,0
16691,0
3538,0
17131,0
16947,0
3556,0
15830,0
4968,1
14344,0
8908,1
6467,0
16202,0
17344,0
3627,0
7989,0
10468,0
17266,0
16886,0
5169,0
2803,0
9147,0
10785,0
6675,0
14919,0
13112,0
14566,0
361,0
15034,1
17466,1
1094,0
1769,0
9182,0
5740,1
7379,0
6497,0
2322,0
13675,0
996,0
13005,0
11323,0
2103,0
9746,0
10502,1
13697,0
3712,0
7483,0
14689,1
4334,0
1246,0
12860,1
12235,0
17420,0
10130,0
1960,0
17558,0
4868,0
9492,1
15681,0
13043,0
17102,0
9960,1
17459,1
70,0
663,0
12954,0
11927,0
13237,0
5207,0
17578,0
9963,0
6412,0
6816,0
11895,0
6878,0
382,0
13747,0
14298,1
8220,0
8467,0
16950,0
13441,0
16555,0
12926,0
8659,0
14937,0
8161,0
17992,0
1643,0
6845,1
6860,0
7574,0
11057,0
4146,1
7062,0
349,0
15876,0
1551,0
5230,0
9170,0
2402,0
4605,0
9024,0
6249,0
5761,0
11644,0
14827,0
1173,1
2309,0
5352,0
16852,0
3484,0
3094,0
10640,0
14764,0
8541,0
10303,1
2738,0
8014,0
2151,0
12742,0
7900,0
13034,0
8820,0
16521,0
2338,1
4885,0
4520,0
14949,0
2561,0
2377,0
14836,0
10899,0
13125,1
16339,0
2607,0
10024,1
7987,1
7500,0
17422,0
12236,1
12430,0
1566,0
16257,0
8699,0
13014,0
17006,0
16835,0
4311,0
6166,0
1206,0
16465,1
7742,0
1764,1
4005,0
5497,0
10386,0
3905,1
3705,0
6399,0
12767,0
5376,0
9919,0
7462,0
6093,0
13798,0
7635,0
5287,0
17012,0
5348,0
7289,1
14629,0
14352,0
15746,0
2646,0
12213,0
14392,1
2757,0
12999,0
7033,0
13282,0
11852,1
16144,0
1122,0
5113,0
14248,0
8314,0
12746,0
10798,1
606,0
4615,0
14314,0
17095,0
11382,1
2723,0
17,0
4854,0
3589,0
6868,0
4404,0
4782,0
4573,0
12183,0
5738,0
2595,0
6745,0
11750,0
9899,0
13387,0
9072,0
7579,0
5708,0
16648,0
5081,0
8817,1
2447,1
17209,0
13601,0
13046,0
4929,0
1772,0
9047,0
10716,1
17062,0
16235,0
16029,0
11572,0
5466,0
11741,1
11589,0
6814,0
16201,0
12805,0
12337,0
2045,0
5344,0
14190,0
14567,0
458,0
7596,0
15676,1
5107,0
7824,0
4333,0
17681,0
16943,0
6426,0
5221,0
12158,0
6586,1
5060,0
12226,1
8583,0
5554,0
16073,0
1770,0
1892,0
538,0
5281,0
187,0
13792,0
5297,0
11793,0
15028,0
1713,0
11195,0
3984,0
10935,0
6160,0
2150,0
6559,0
14069,0
13003,1
16125,0
4555,0
2886,0
4685,0
14427,0
13431,0
9567,0
8779,0
895,0
6282,0
11747,0
11446,0
10929,0
8566,1
6089,0
1867,0
11509,0
2742,0
5350,0
9010,1
15708,0
5592,0
12953,0
11548,0
10648,0
17292,0
5066,0
10982,0
12831,1
5199,0
1187,0
13,1
5734,0
2209,1
11691,0
5691,0
2289,0
12798,0
17142,1
321,0
11205,0
12228,0
11633,0
10690,0
4047,1
7628,0
6523,0
2482,0
14583,0
535,1
15932,0
2545,0
8359,1
5864,0
1210,0
479,0
6600,0
3592,0
3427,0
16564,1
6508,1
7413,0
13168,0
4280,0
3345,0
13598,0
13840,1
14030,0
2889,0
3315,0
15207,0
16146,0
10290,0
3107,0
5821,0
11707,1
4769,0
9322,0
2487,0
7890,0
199,0
1451,0
12782,0
10521,0
17722,0
10984,0
3910,0
10720,0
3410,0
1898,0
12551,0
2093,0
4582,0
12873,0
11261,0
11033,0
14131,0
6218,0
4838,1
8715,0
8770,0
9083,0
12791,0
3476,0
6591,0
16444,0
10094,0
9164,0
11795,0
14035,0
9841,0
14966,0
7141,0
13071,0
10545,0
11706,0
1493,0
15758,0
9239,0
1855,0
3081,1
10010,0
12013,0
15161,0
16664,0
15796,0
11343,0
5730,0
30,0
14226,0
8407,0
695,0
16151,0
7620,0
12509,1
5398,0
8039,1
1942,0
1200,0
3711,0
10808,0
8600,0
920,0
14264,0
4801,1
10289,0
1845,0
12788,0
5041,1
12011,1
13654,1
2059,0
7047,0
5447,0
14464,0
7926,0
8131,0
12903,1
14934,0
0,0
5705,0
12710,0
4853,0
17248,0
376,0
14913,0
1669,0
11689,0
10535,0
12867,0
14844,0
5760,0
10204,0
16760,0
8628,0
10686,0
16469,0
17112,0
12562,1
16090,0
5756,0
13190,0
17020,0
5494,0
8096,0
15329,0
4336,0
16376,0
5140,0
10349,1
15826,0
9771,1
1724,0
7789,0
10049,0
15794,0
13098,0
7610,0
17908,0
2025,0
2527,0
598,0
14181,0
4434,0
17345,1
11326,0
7583,1
10934,0
825,0
6643,0
13775,0
12491,0
16208,0
10334,1
5559,0
17490,0
1254,0
4199,0
4733,0
8967,0
2495,1
15768,0
7533,0
14180,0
1293,0
2758,0
13868,0
14075,1
13784,0
14278,1
2597,0
3522,0
17056,1
5775,0
9118,1
4078,0
2493,0
4673,1
9045,0
7891,0
9650,0
5112,0
4159,0
13881,0
2297,0
4443,0
16346,0
16983,1
13916,0
3260,1
8374,0
5023,0
9732,0
8322,0
7154,0
4095,1
14964,0
11254,0
9122,1
13923,0
7007,0
6608,0
10193,0
10891,0
3263,0
15948,0
4188,1
16264,0
9855,0
3056,0
12072,0
4035,1
15448,1
6118,0
3188,0
6627,0
1029,0
3082,0
10304,0
4873,0
12607,0
17061,0
9624,0
3764,0
9087,0
8151,0
13260,1
13912,0
5724,0
718,0
15399,0
10641,0
9726,0
15538,0
4931,0
16959,0
4609,1
12793,0
11861,0
10233,0
9625,0
2264,0
3455,0
6987,0
15265,0
13019,0
8468,1
9447,0
5972,0
5671,0
2079,0
554,1
2331,0
864,0
15540,0
5791,0
4454,1
10879,0
2067,0
16189,0
9961,0
1166,0
2669,1
3200,0
1900,0
16590,0
10453,0
14935,0
12716,0
9370,0
14269,0
7201,0
17445,0
7037,0
17412,0
8835,0
1630,0
14775,0
15494,0
12502,0
14418,0
7845,0
13961,0
8097,0
11208,0
5706,0
1114,0
1158,1
17757,0
2867,0
4783,0
13606,0
12398,0
4214,0
15678,0
114,0
2171,1
9587,0
8031,0
583,0
9002,0
245,0
7531,0
8544,0
2383,0
8987,0
6626,0
11723,0
7684,0
9866,0
10763,0
14544,0
4725,0
12956,0
13819,1
9251,0
3287,1
14312,0
13933,1
4606,0
12309,0
16702,0
16734,1
7266,0
5550,0
15036,0
11255,0
7622,0
17319,0
13581,0
5769,0
13997,0
11710,0
11302,0
2834,0
14482,0
11559,0
15109,0
1832,0
7144,0
5184,0
11402,1
17507,0
11982,0
6072,0
6028,0
12769,0
16365,0
12066,0
11117,0
7230,0
17144,1
6612,0
16477,0
8629,0
9825,0
2649,0
14789,1
7116,0
7846,1
14349,0
2858,0
16647,0
5665,0
2121,1
2065,0
10486,1
6751,0
16066,0
145,1
9129,0
6300,1
12321,0
17398,0
9282,0
5700,0
6124,0
16624,0
11964,0
12103,0
11440,0
13920,1
15742,0
1602,0
2697,1
16136,0
17843,0
1762,0
9722,0
1708,0
1333,0
4482,0
1819,0
250,0
11693,0
1462,0
12582,1
8344,0
3182,0
7210,0
4079,1
4864,0
11667,1
5173,0
8724,0
5749,1
16589,0
15657,0
3730,0
10685,0
13620,0
2587,0
1191,0
8281,0
16093,0
17595,0
2164,0
8283,1
267,0
13870,0
1881,0
273,1
5751,1
6312,0
9102,0
4661,0
10750,0
10291,1
12578,0
4477,0
6772,0
5314,1
15356,0
6694,1
3877,0
497,0
17672,0
10358,0
17301,0
15597,0
15284,0
9881,1
9671,0
9805,0
13414,1
17108,0
6481,0
9196,0
5242,0
10968,0
12643,0
2391,1
7692,1
6703,1
9062,0
7143,1
1870,0
4487,1
1403,0
4191,0
11696,0
7707,0
15145,0
10147,1
4002,1
6769,0
15194,1
5925,0
4277,0
16984,0
143,0
4456,0
6783,0
636,0
8164,0
5176,0
2645,0
6920,0
9575,0
6722,0
6191,0
14916,0
7178,0
14852,0
11603,1
13341,0
7584,0
698,0
13438,0
12621,0
14868,1
13782,0
6540,1
17229,0
4557,0
776,1
13467,0
13402,0
11625,0
5836,0
4108,0
13228,0
4629,0
5001,0
17037,0
9475,0
8877,0
15037,0
4950,0
7081,0
3843,0
275,0
8252,1
15347,0
6058,0
6898,0
7478,0
1828,0
1238,0
16952,0
15007,0
6537,0
9090,0
105,0
4808,0
5358,0
9910,0
13960,0
8677,0
2767,1
3327,0
15440,0
97,0
5951,0
15893,0
11690,0
6802,0
2340,1
16536,0
967,1
13707,0
494,0
1401,0
9140,0
5130,0
8533,1
17210,0
3442,1
5407,0
6637,0
3684,0
16130,0
15270,0
16120,0
6367,0
14098,1
2384,0
12667,0
4995,0
15929,0
2762,0
16836,0
13443,1
11469,0
17695,0
8662,0
3611,0
17263,1
10477,0
9157,0
2202,0
11096,0
2756,0
1126,1
1459,1
15258,0
11309,0
3096,0
14762,0
10981,0
6091,0
7860,0
16385,0
6653,0
14905,0
634,0
14153,0
12140,0
12251,0
15976,0
3281,0
7576,0
17903,0
12254,0
7625,0
15831,0
315,0
12718,1
5479,0
5484,0
2690,1
13673,0
11770,0
12890,0
7250,0
8213,1
14853,1
14942,0
8660,0
1559,1
4514,0
6103,0
6145,1
8897,0
7831,1
2639,0
9652,0
6138,0
9693,0
6419,0
11134,1
10402,0
15506,0
6888,0
17705,0
1829,0
2549,1
15805,0
16214,0
1934,0
7777,1
10081,1
14326,1
6104,0
10794,0
14597,1
1866,0
14407,0
3321,0
15577,0
6712,0
11223,0
17434,1
8184,0
17294,1
13657,0
4414,0
3840,0
16371,0
13628,0
9036,0
6310,0
4085,0
7682,0
14874,0
9429,0
9213,0
12552,1
9555,0
12677,0
9613,0
224,0
10537,0
700,1
16067,0
1113,0
4089,0
9286,0
14547,0
8637,0
8022,0
17205,1
13454,0
2900,0
5452,0
14053,0
14640,1
10282,0
799,0
7340,0
2896,1
2981,0
1854,0
17231,0
8678,0
5144,0
2554,0
2953,0
1925,0
8099,0
9984,0
1810,0
8816,0
6886,1
6053,0
3177,1
7585,0
6156,1
9657,0
11857,0
9232,0
1272,0
6680,1
456,0
3849,0
6701,0
1022,0
13192,0
11189,0
3256,0
16003,1
13681,0
10201,0
6733,0
3600,0
11634,0
2023,0
13867,0
3540,0
3397,0
8212,0
13777,0
16801,0
7871,0
12382,0
5686,0
7050,0
15769,0
6526,1
10519,1
1633,0
17904,0
870,0
4516,0
5923,0
3873,0
17403,0
4601,1
5400,0
9086,0
5907,0
4177,1
16518,0
7412,0
6571,0
13434,0
10652,0
3524,0
683,0
14444,0
14004,0
5633,1
6297,0
9167,0
3628,0
15127,0
13089,1
1954,0
1868,1
7470,0
17391,1
11783,0
11347,1
13164,0
11943,1
14843,0
16372,0
6837,0
3723,0
7080,1
16887,1
8620,0
5530,1
12548,0
15477,0
17736,0
7258,0
4584,0
17195,0
10067,0
10286,0
15341,0
561,0
7805,0
5960,0
5394,0
9782,0
2804,0
5511,0
11087,0
9356,0
3432,0
13473,1
12199,1
12233,0
6616,0
12829,0
14451,0
12670,1
17254,0
3161,0
1501,0
14225,1
9912,0
11434,0
17324,0
2726,1
1242,0
6669,0
265,0
12892,0
14036,0
444,0
17354,0
6177,0
9690,0
11231,0
8242,0
8776,0
13107,0
540,1
16855,0
6784,0
16045,0
11514,0
11602,0
10005,0
2910,0
13667,1
15442,0
12775,0
14757,0
11428,0
16161,0
15144,0
9737,0
8819,0
7323,0
17590,1
17172,0
14128,0
1427,0
7907,0
16140,0
2947,1
1583,0
12827,1
3594,0
1502,0
13413,1
1609,0
3401,0
12330,0
11082,1
9041,0
10775,1
17207,0
12545,0
17954,0
15107,0
13996,0
6550,0
10061,0
8156,0
6351,0
3458,0
7830,0
7505,0
12084,0
16721,0
7946,0
5996,0
14915,0
7758,1
7687,0
9245,0
4390,0
929,0
10790,0
6842,0
7748,0
5941,0
14515,0
14213,0
16102,0
496,0
7169,0
13684,0
14737,0
909,0
780,0
17446,0
15992,0
2935,0
4587,1
16848,0
3533,0
4833,0
10100,1
8936,0
1754,0
6887,1
15293,0
16588,0
10457,1
9385,0
15225,0
12970,1
17669,0
8971,0
3673,0
8602,0
3131,0
4823,0
191,0
9436,1
6471,1
16489,0
13091,0
6930,0
1183,0
901,0
16891,1
8713,0
17184,1
8092,0
13270,0
10033,0
1216,0
344,0
10059,0
12940,0
16874,0
1161,0
17538,0
7928,0
9644,0
9604,0
17615,0
6237,0
2746,0
9406,0
12942,0
7356,0
103,0
13405,0
17026,0
17199,0
10158,0
6244,0
14101,0
5688,0
14553,1
6732,0
8259,0
12465,0
12909,1
2891,0
5536,0
5580,0
13208,0
8070,0
10861,0
11167,0
12079,0
16896,0
16933,0
2577,0
5135,0
4844,0
4339,1
15795,0
10276,0
1560,1
13100,1
9951,0
12906,0
16709,0
7528,1
11046,0
14051,0
5054,0
2076,0
4806,0
332,0
8223,0
12341,0
2721,1
719,1
16018,0
7711,0
10522,0
16791,1
15981,0
11081,0
11459,0
8007,0
7564,0
4531,0
9263,0
9656,0
15106,0
2765,0
31,0
14554,0
11791,0
652,0
5473,0
15555,0
11896,1
11527,1
9063,1
4741,0
3939,0
3347,0
595,0
7020,0
8157,0
15908,0
9775,0
7270,0
17557,0
13811,0
3868,0
3505,1
7428,0
15810,0
3002,0
13871,0
16820,0
3701,0
9776,0
2660,0
9999,0
233,0
9434,0
4383,0
288,0
8614,0
13501,0
679,0
14725,0
8608,0
6314,0
8871,0
3509,0
8087,0
1440,0
6018,0
14983,0
2337,1
13137,0
8851,1
3695,0
8850,0
2938,0
14784,0
12937,0
13736,0
4718,0
14493,0
1547,1
13551,0
7099,0
16547,0
8149,0
8110,0
1363,0
7241,0
10266,1
2457,0
8249,0
12036,1
7445,0
4867,1
16496,0
2534,0
7829,0
13514,1
14533,0
16707,0
17644,0
16222,1
4217,1
8591,1
553,0
7185,0
16209,0
10938,0
10379,1
17949,0
6083,0
11989,0
9175,1
5612,0
17613,0
1970,0
7203,0
11552,0
8780,0
4072,0
7828,0
13272,0
17016,0
130,0
7936,0
13521,0
8486,0
5457,0
16334,0
3172,0
2591,0
10829,0
16288,1
8332,1
8475,0
7961,0
7544,0
4037,0
7231,1
12396,0
12176,0
7130,0
13768,0
16794,0
12061,1
15783,0
560,0
7118,0
5078,0
8218,1
17864,0
8832,0
4737,0
2395,0
6535,0
3453,0
819,1
15364,0
16245,0
12913,0
10331,1
15025,0
10597,0
12169,0
4803,0
15384,0
8246,0
1891,0
878,0
8746,0
16623,0
7057,0
2210,0
5335,0
6230,0
15727,0
4683,0
15986,0
12319,1
13220,0
5219,0
979,1
14774,1
2969,0
3098,0
15536,0
5301,1
5622,0
5105,0
17771,0
9672,0
3725,0
3793,0
6163,0
12219,0
5830,0
15745,0
12646,0
6915,0
4791,1
17586,0
7083,0
1260,0
6844,0
3864,1
5277,0
2874,0
9678,0
4377,0
4075,0
622,0
11825,0
6923,0
16023,1
57,1
5862,0
7371,0
9918,0
8498,0
16818,0
8517,0
3566,0
689,0
6579,0
2125,0
10249,0
11240,1
1998,0
3986,0
6373,0
12042,0
12795,0
17389,0
692,0
1522,0
10823,0
5601,0
8479,0
4622,0
10352,0
10923,1
1656,0
5095,0
10020,0
7897,0
16443,0
14520,0
7193,0
3407,0
9402,0
14833,0
12279,0
10001,0
8866,0
16782,0
7321,1
15411,0
8115,0
15009,0
6261,0
9891,0
9323,0
11494,0
17476,0
14300,0
13251,1
1824,1
11289,0
2382,0
7255,0
3028,0
12995,0
13002,0
17471,0
10209,0
139,0
2051,0
12944,1
7380,1
7095,0
14215,0
3946,0
10048,1
2680,0
8946,1
12440,0
16243,0
13249,0
5067,0
9803,0
5844,0
7216,0
7884,0
17978,0
8285,0
7703,0
9210,0
1565,1
5210,0
12499,0
3159,0
5786,1
5259,0
193,1
13297,0
4428,0
2162,0
10786,1
6192,1
1961,0
14666,1
17981,0
9529,0
14761,0
1157,0
17542,0
7527,0
34,0
10418,0
12790,0
15524,1
6793,0
15845,0
11929,1
14802,0
1201,0
4122,0
1783,0
16628,0
4162,1
14955,0
9848,0
3498,0
6305,0
8166,0
10208,0
7211,0
6241,0
1211,0
9435,0
17641,0
13715,1
328,0
6102,0
6749,0
1555,0
11287,0
6335,0
9649,0
271,0
6724,0
5100,0
1123,0
9374,0
14431,0
17656,0
16977,0
7287,0
1588,0
13051,0
10109,0
14280,1
11777,0
586,0
10027,0
15571,0
16062,0
1660,1
7420,0
1834,0
17250,0
2967,0
17511,0
8158,0
13560,0
9983,0
7513,0
3598,0
17991,0
2343,1
11846,0
16324,0
469,0
16389,0
4051,0
3968,0
5296,0
12523,0
17881,0
10270,0
9599,0
17071,0
9622,0
4171,0
2848,0
6531,0
16954,0
12080,0
11588,0
914,0
9585,0
14320,0
3486,0
12806,1
53,0
3907,0
13134,1
15335,0
871,0
11495,0
10611,0
8791,0
2603,0
10549,0
11368,0
4695,1
346,0
5141,0
15321,0
16084,0
14143,0
1658,1
17298,0
6677,0
10653,0
12161,0
4967,0
10396,0
15516,0
15575,0
13524,0
802,0
4768,0
8012,0
1885,1
16621,0
5528,0
741,0
12024,1
11141,0
126,0
2474,0
10480,0
3779,0
12323,0
6116,0
8745,0
5306,0
15823,0
3683,0
8260,0
16736,0
15803,0
11372,1
4010,0
1068,0
12074,1
14272,0
17797,0
12611,0
10120,0
3872,1
5330,0
13150,0
4988,0
16657,0
14746,0
2760,0
144,0
13647,0
16271,0
4668,0
5331,0
426,0
8727,0
3384,0
3354,1
14179,0
2641,0
6030,0
13576,0
11526,0
4744,0
1104,0
6287,0
4093,0
1018,0
4148,0
3552,0
16543,0
8552,0
8655,0
16764,1
9248,1
13193,0
13219,1
16679,0
4858,0
8130,1
17461,0
11379,1
13169,0
17149,0
9525,0
2648,0
12949,0
9545,0
613,0
2364,0
10143,1
3662,0
2279,1
4272,0
6688,0
1835,0
1127,0
2570,1
3737,0
120,0
7280,0
5425,0
17665,0
13940,0
11962,1
15892,1
3020,0
4173,0
5323,1
12456,0
8737,0
4080,0
6339,0
17468,0
373,0
10088,0
1922,0
8126,0
11645,0
7995,0
10113,0
7358,0
10259,0
17328,1
11355,0
984,0
10368,0
587,0
12685,0
6470,0
6094,0
4150,1
15690,0
11708,0
11913,0
15142,0
3150,0
6152,0
6454,0
9285,1
3421,1
2139,0
11826,0
8640,0
7242,0
7142,0
58,0
9428,0
16139,1
11332,1
4237,0
4780,0
12902,0
15730,0
6562,1
7060,0
14973,1
5431,0
3888,0
11395,0
9344,0
3810,0
1284,0
9396,0
10346,0
17750,0
3980,0
3444,0
1059,0
11479,0
9260,0
13990,0
1632,0
12808,0
110,0
1863,0
549,0
3164,0
4689,0
3588,0
10107,0
3991,0
13154,0
4758,0
11086,0
15326,0
11016,0
2668,0
5696,0
14023,1
14598,0
9280,0
4764,0
2287,0
15244,0
3668,0
11090,0
14586,0
15559,0
4239,0
15980,0
6279,0
3137,0
10773,0
4364,0
9539,0
10142,1
5020,0
2590,0
17043,1
17690,0
12127,0
9019,0
2043,0
15277,0
3529,0
13504,0
15197,0
7667,0
7998,1
13700,0
6839,0
2888,0
16275,0
7238,0
8499,1
14348,0
4058,0
17818,0
12030,0
5717,0
17400,0
12142,0
923,0
10454,0
6824,0
9544,0
2442,0
11298,0
3199,0
8373,0
5170,0
16644,0
6017,0
4250,0
3483,0
11103,0
13849,0
9653,0
7410,1
6547,0
10052,0
14297,0
4588,0
12171,0
542,0
17731,0
10424,0
3908,0
261,0
15193,0
10117,0
13512,0
959,0
963,0
8019,0
4897,0
11004,0
301,0
9629,0
13417,0
1557,1
1586,0
6320,1
11378,0
1351,0
6219,1
401,0
1259,0
4749,0
16105,0
3426,1
12705,0
1706,0
8464,0
2699,0
6447,0
11333,0
5584,0
1750,0
14092,0
13487,0
14042,0
2301,0
11607,0
10950,0
5954,0
6646,0
16272,0
11745,0
867,0
6358,0
2077,0
10114,0
861,0
2237,0
14110,1
16303,0
12016,0
16922,0
13704,0
10210,0
2714,1
9270,0
6957,1
6280,0
16774,1
10805,0
1901,0
11917,0
12988,1
17517,0
3220,0
14100,0
12448,0
14166,0
1701,0
16252,0
13817,0
7283,0
16279,0
5962,0
10661,0
3667,0
16899,0
10359,0
13641,0
12209,1
6229,0
9119,0
12896,0
9828,0
17895,0
6120,0
5679,0
3726,0
9055,0
15417,0
6321,0
7717,1
1408,0
15211,1
15779,0
17905,1
10087,0
3299,0
4112,0
11521,0
2988,0
1170,0
5183,0
15013,0
11731,0
9857,0
4719,0
4939,0
17614,0
393,0
6717,0
6704,0
5422,0
9386,1
17510,0
5804,0
2140,0
4046,0
1737,0
14985,0
15322,1
977,0
3936,0
9145,0
6035,1
2763,0
3706,0
7621,0
5455,0
10795,0
2740,0
15588,0
17196,1
10963,0
8328,0
13400,1
1047,0
16962,1
11274,0
14914,0
14287,0
8501,1
7198,0
952,0
7982,0
1092,0
11429,1
131,0
8996,0
10986,0
12256,0
10525,0
2439,0
1712,0
4766,1
6498,0
8403,0
10628,0
11269,0
9865,0
16190,0
15926,0
11567,1
8152,0
14558,0
13670,0
8321,0
3738,1
13683,0
9724,1
11733,0
17436,0
7253,0
4943,0
5000,0
2240,0
13370,0
7865,0
17612,0
2830,0
12955,0
11026,0
8029,1
14473,0
11505,1
6059,0
15192,0
14087,0
11792,0
2610,0
3670,1
6554,1
10555,0
4635,0
11020,0
4392,0
5645,0
6226,0
10585,0
9241,0
101,0
13432,0
2936,0
9226,0
4619,0
1509,0
17897,0
1629,0
1486,0
10400,1
3551,0
16145,0
11800,0
16594,0
14171,0
13879,0
2707,0
12132,0
14177,0
5181,0
12439,0
6272,0
13368,0
11916,0
17287,0
11342,0
2052,0
11581,0
8509,0
4257,1
8997,0
14800,0
755,0
11739,0
14151,0
14680,1
3822,0
2956,0
9808,0
3456,0
7556,0
5993,0
16821,0
8469,0
4745,0
9639,0
10660,0
14523,0
3609,0
14967,0
15859,0
8417,0
15921,0
14976,0
9505,0
15557,0
10021,0
11642,0
4732,0
14508,0
3494,0
13296,1
10514,0
10411,0
15511,0
15470,1
10979,0
11179,0
11675,0
9647,0
11014,0
13469,0
11952,0
3145,1
5345,0
15039,0
198,0
3658,1
5583,0
13399,0
4841,0
11925,0
2716,0
8935,0
12046,0
94,0
9154,0
2929,0
14120,1
6349,0
5826,0
16312,0
17494,0
1311,1
3607,0
14252,0
1681,0
8650,0
655,0
7035,0
5930,0
8264,0
17156,0
15793,0
1000,1
9044,0
13638,0
10961,0
4904,1
6457,0
17677,1
11238,0
5715,1
7199,0
15214,0
17123,0
12064,0
10381,0
11764,1
2005,1
8360,0
6127,0
14920,0
17600,0
11412,0
3883,0
13544,0
12818,1
16258,0
6713,0
13566,0
14756,0
15951,0
5092,0
1175,0
10574,0
14892,0
13772,1
17838,0
7317,0
1702,0
11377,0
3687,0
8389,0
3565,0
17249,0
13577,1
17800,1
4594,0
2436,0
16412,0
4574,0
15337,0
7106,1
8703,0
4438,0
853,0
15198,0
6859,1
602,0
5693,0
9446,0
9422,1
5203,1
7525,0
17174,0
4755,0
8709,1
12972,0
4717,1
7365,1
6697,0
17849,0
6214,0
6146,0
13201,1
6364,0
570,0
6268,0
17583,0
13848,0
4798,0
6197,0
581,0
15850,0
470,0
6909,0
5356,1
10856,0
11988,1
13630,0
16452,0
17802,0
9695,1
4678,1
12435,0
5311,0
3983,0
13749,0
16193,0
5205,0
11902,1
10878,1
8400,0
7318,1
17776,0
5513,0
7324,0
15038,0
15183,0
14604,0
13047,0
8649,0
12703,0
6917,0
9320,0
1026,0
10140,1
11029,0
1711,0
10712,0
850,0
11079,0
2409,0
17902,0
14414,0
17587,0
6543,0
13021,0
17023,1
7247,0
12959,1
10196,0
4551,0
5119,0
6785,0
10568,0
16898,1
9316,1
15116,0
7268,0
7353,0
16778,0
2664,0
9206,0
11992,0
9284,1
16605,0
16384,0
12637,1
9839,0
5403,0
15219,1
9826,0
3898,0
15888,0
2224,0
6533,0
6971,0
10179,0
14744,0
4161,0
10733,1
3016,1
1132,0
98,0
4149,0
5938,0
2553,1
3613,0
350,0
11780,0
17038,0
5429,0
3443,0
14062,0
14026,0
14821,0
6876,0
15353,0
12837,0
2332,0
11177,0
2110,0
5268,0
14139,0
3184,0
6599,0
14355,0
2528,1
6721,1
14591,0
15371,0
11858,0
16695,1
2727,0
339,1
3966,0
3408,0
17148,0
4,0
17948,0
3472,0
4589,0
12056,0
8572,0
9681,0
5150,0
14463,0
6790,0
4611,0
17307,1
364,0
11423,0
2015,0
13968,0
4664,0
1689,1
12528,0
533,0
10064,0
80,0
6770,0
6536,0
8878,0
11105,0
9943,0
11104,1
2840,0
13092,0
16391,0
6756,1
16665,0
16493,0
5581,0
6472,0
6034,0
2258,0
14615,1
15820,0
5727,1
5920,1
7240,1
16341,0
3974,0
13773,0
14256,1
6423,0
12184,0
14825,0
406,1
1285,0
15785,0
14160,0
12427,0
9067,0
10217,0
1826,0
16786,0
4985,0
4468,1
4419,0
1940,0
11681,0
15843,1
4677,0
2771,0
7308,0
4637,1
11052,0
9646,1
3647,0
11868,0
15235,1
5737,0
732,0
12823,0
3409,0
1288,0
7996,0
7931,0
7433,0
9264,0
4603,1
6306,0
14715,0
7221,0
12107,0
8858,1
4356,0
16838,0
2675,0
5820,1
5970,0
15728,0
7342,0
12678,0
1481,0
12332,0
5290,0
17580,0
6455,0
9949,0
13532,0
4166,0
17528,0
381,1
15504,1
7471,0
7354,0
1298,0
10326,0
17064,0
2167,1
4243,0
11457,0
16501,0
9197,0
13082,0
597,0
14258,0
14390,0
10999,0
3331,0
5333,0
4878,0
646,0
3060,0
10916,0
11456,0
7522,0
14210,1
12242,1
14778,0
10101,0
9832,1
7561,0
11392,1
12167,1
16769,0
3760,0
6856,1
1747,1
8334,0
12508,0
9165,1
15325,0
10281,1
13808,0
4513,0
4856,0
15376,1
17330,1
6774,0
17645,0
12994,0
7906,0
8837,1
17508,0
10673,0
9972,0
2640,1
699,0
7999,0
14739,0
6748,0
5831,0
2979,0
16784,0
7954,0
17126,0
7554,1
15210,0
3686,0
7140,0
17275,1
4810,0
3577,0
5164,1
9747,0
3775,0
3871,0
9810,0
16742,0
14734,0
10881,0
897,0
15572,0
17938,0
4857,0
15226,0
6422,1
12017,0
17989,1
10473,0
14906,0
2788,0
1334,1
329,0
9460,0
559,0
17331,0
17701,0
912,0
379,0
9033,0
13519,1
17793,0
8979,0
8308,0
11163,0
16631,0
11656,0
16310,0
12919,0
845,1
10536,0
11520,0
13389,1
13181,0
5745,0
4324,0
9574,0
16053,0
11571,0
13828,1
10079,1
5711,1
15870,0
1787,0
16040,0
10758,0
6518,0
14178,0
5681,0
6660,0
10104,0
8142,0
16856,0
15275,0
3447,0
11557,0
6032,0
11560,0
6252,0
14851,1
3385,0
13741,0
577,0
17543,1
14608,0
10012,0
10787,0
4235,1
1744,0
13595,0
490,1
16211,1
1139,0
9623,0
7440,0
9902,1
6016,0
12355,0
17166,0
15939,0
17338,0
12556,0
14975,1
7804,0
16287,0
2729,1
565,0
3635,1
4352,0
9359,0
4870,0
15558,0
3171,0
10357,0
511,0
1945,0
17424,0
10612,0
13062,0
8777,0
8050,0
13227,1
6718,1
7251,1
5012,0
10966,0
1143,0
17503,0
6700,0
7540,1
13029,1
13422,0
6929,0
13464,1
4680,1
1886,1
2630,0
17492,0
8927,0
654,0
15762,0
5093,0
11352,0
16577,0
14671,0
13207,0
14137,0
1348,0
15249,0
7766,0
17983,0
885,0
13820,0
15256,0
15514,0
12420,0
368,0
2419,0
9243,0
17044,0
14872,0
11924,0
12774,0
13254,0
8208,0
17262,1
8668,0
6098,0
11077,0
4127,0
17353,0
8906,0
6982,1
3379,0
17896,0
4713,0
11662,0
1540,0
15603,0
9107,0
5779,0
13549,0
7785,0
11998,0
8027,0
12005,0
5678,0
8122,0
12008,0
9453,0
11483,0
13211,0
6014,0
2507,0
1663,0
15706,0
13178,0
4504,0
14939,0
11,0
17917,1
4628,0
14385,0
7234,0
365,0
11367,0
14723,0
828,0
3328,0
12723,0
13009,0
4186,0
9579,0
3090,0
9006,0
1381,0
1146,0
10914,0
5254,0
13652,1
459,0
17423,0
11994,1
13230,0
7127,0
9511,1
15685,0
11069,1
13926,1
4921,0
15269,1
5091,0
6810,0
16525,0
946,0
2092,0
8500,0
14871,0
9620,0
6863,0
2233,0
10385,1
2250,1
9506,0
3615,0
8165,0
8354,0
8015,1
6690,0
3606,0
17738,0
10072,0
6895,0
12369,0
16743,0
3110,0
3520,0
12486,1
6461,0
12353,1
2326,0
10244,0
17007,0
6925,0
3251,0
17206,0
14845,0
16561,0
2908,0
9301,0
4119,0
13834,0
3346,0
590,0
12603,0
5874,0
10221,0
13723,0
14864,0
12958,0
408,0
3022,1
14417,0
10310,1
3553,0
17382,0
9361,1
1239,0
6857,0
11199,1
1675,0
15345,0
3064,0
11359,1
9843,0
1064,1
2100,0
14394,0
2466,0
8958,0
1162,0
14152,0
10296,0
14185,0
16629,0
3057,0
16170,1
13354,0
5914,0
8436,0
4802,0
868,0
7838,0
6666,0
7361,0
1833,0
256,0
13127,0
9207,1
6924,0
8275,0
15119,0
15115,0
14540,0
12450,0
16732,1
9331,0
6193,0
1488,0
5704,0
8861,0
6805,1
1074,0
16858,1
6569,0
3036,0
9940,0
9040,0
13648,0
12258,0
448,1
13078,0
9297,1
8905,0
13745,0
14144,0
8948,0
11842,0
7880,1
15629,0
8180,0
3080,0
11615,0
8618,0
15867,0
17524,1
6777,0
3431,0
4488,0
13913,0
14073,0
4345,1
14708,0
1364,0
1276,0
12835,0
8995,0
10434,0
1429,0
14467,0
15100,1
12293,0
14903,1
4361,0
5122,0
8413,0
13508,0
14589,1
11584,0
17310,0
17643,0
15584,0
17651,0
4097,1
13138,0
7326,0
6045,0
15553,0
13316,0
11736,0
1895,0
2117,0
8863,1
11669,0
1231,0
5149,0
2454,0
12547,1
4762,1
7629,1
3088,0
3772,0
15600,0
9162,0
1986,0
17240,0
908,0
11679,1
10373,0
11542,0
3850,1
7182,0
9711,0
13563,0
3309,0
13557,0
15998,1
9229,0
5819,0
13097,0
12150,0
9219,0
4143,0
11587,0
4859,1
12248,0
13545,1
195,0
7218,0
21,0
15397,1
5028,0
7220,0
4101,1
657,0
11638,0
15408,0
9794,0
16355,0
8042,0
720,0
14002,0
15863,0
10014,0
1141,1
12069,0
4571,0
14880,0
13892,1
9,0
8898,0
738,0
10412,0
1176,0
10629,0
1996,1
8141,0
17369,0
8790,0
14413,0
6309,0
11819,0
8323,0
13844,0
13213,0
7011,0
13518,0
4618,0
7101,1
14147,1
7588,0
424,0
7647,0
12109,0
90,0
8638,0
12181,0
2895,0
6811,0
16606,1
8258,1
9907,0
4581,0
15438,0
16914,0
8076,0
10541,0
13713,0
12019,0
14570,0
13325,0
17150,1
12068,0
3653,1
627,0
16319,0
6356,0
7344,0
6394,0
9744,0
13898,0
14419,0
13248,0
15446,0
15644,0
17188,0
4992,0
1544,0
5574,0
13085,0
17083,0
13437,0
13696,0
13433,0
4304,1
3500,0
3859,1
318,0
2557,0
8507,0
13485,0
2885,0
12249,1
7006,1
6492,1
13853,0
16730,0
12861,0
11003,0
6296,0
11253,0
9125,0
17967,1
11106,0
14611,0
4123,0
941,0
1030,1
6495,1
5663,0
5346,0
7386,0
767,0
9991,0
8646,1
1442,0
6613,0
7473,1
14560,0
10119,0
10247,0
4385,0
1399,0
15659,1
15184,0
9457,0
9124,0
17594,0
47,0
5104,0
3364,0
16759,0
2199,0
9114,0
183,0
15534,0
8972,0
2899,0
12730,0
12145,0
7872,0
15679,0
6003,0
2105,0
8094,0
15628,1
14135,0
15014,0
16883,0
9916,0
14388,0
6746,1
5279,0
8085,0
5879,0
4269,0
6026,0
2450,0
16458,0
4541,0
12662,0
1572,0
9683,0
4813,0
4133,0
11904,0
17599,0
2686,0
7594,0
16546,0
10803,0
9665,0
4877,0
13759,0
4922,0
15564,0
1985,0
9455,0
6096,0
14196,0
16668,0
10129,0
15648,0
13479,1
9827,0
17703,0
12732,0
2768,0
10610,0
1025,0
6831,0
4409,0
10707,0
14950,0
3833,0
8424,1
8237,0
13506,0
8405,0
3821,0
11431,0
68,0
8416,1
4241,1
8430,0
3195,0
13983,0
17416,0
1006,0
11477,0
11544,0
16773,0
13274,0
11592,0
14082,0
7624,1
13597,0
16096,0
9655,0
2862,1
10467,0
8626,0
15237,0
543,0
14674,0
10697,1
5029,0
830,0
11419,0
12143,0
759,1
11161,0
1847,0
11217,0
8896,0
7074,0
813,0
6691,0
1416,0
5231,1
4945,1
17117,1
10575,0
3942,0
17321,0
12832,0
11688,0
16280,0
4792,0
11074,1
4797,0
13743,0
13807,1
8384,0
11648,0
1636,0
10084,0
10512,0
200,0
10651,0
9235,0
11135,0
2875,0
3339,0
14389,0
16966,0
808,1
2114,0
4032,0
8571,0
15609,1
16032,0
1981,1
4015,1
1414,1
10465,1
3305,0
10681,0
6141,0
14339,0
7756,0
545,0
3539,0
14365,0
8426,0
6179,0
16795,0
935,0
15475,0
4578,0
3341,0
811,0
5488,0
5138,0
2529,0
1243,0
2961,0
3076,0
3377,1
283,0
5079,1
5764,0
2733,1
11097,0
4494,0
10613,0
3567,0
16004,0
7381,0
467,0
17927,0
3708,0
1719,0
3924,0
15372,1
16094,0
10911,0
1308,0
9020,0
15444,0
6614,1
12492,0
11809,0
1821,1
5979,0
5949,0
6099,1
1801,0
8222,0
11799,0
12041,1
2306,1
4500,1
7842,0
3376,0
6405,0
12592,1
3858,0
1667,0
13887,0
7336,0
9355,0
15717,0
14954,0
16694,0
2508,0
3870,1
9329,0
7325,0
13314,0
15227,0
17362,0
12009,0
3399,0
10977,0
7623,0
12845,1
38,0
13525,0
13994,0
15725,0
16366,0
8721,0
13328,0
14665,0
17274,0
9691,0
2013,0
6875,0
16263,0
4837,0
460,0
10348,0
4978,0
13106,0
7718,0
16359,0
7245,0
7788,0
412,1
3574,0
8642,0
16781,0
918,1
2775,0
11598,0
3629,1
5308,0
135,0
15213,0
6642,1
3434,0
6779,0
9222,0
5967,0
1603,0
13353,0
106,0
12985,0
16244,0
4157,0
7051,0
2255,0
3530,0
1840,0
10306,1
4006,0
1369,0
9200,0
11624,0
820,0
7745,0
10687,0
9313,0
2599,0
17138,0
17664,0
12644,0
14694,1
1800,0
12701,0
10096,0
9199,0
6998,0
5628,0
14768,0
16602,0
1428,0
4580,0
17999,0
14449,0
9792,1
10732,0
17581,1
17566,0
806,0
9611,0
2972,0
6239,1
3103,0
14675,0
6248,0
3323,0
249,0
11127,1
11040,0
2002,0
10596,0
11182,0
85,0
1692,0
5147,0
8162,0
10089,0
1962,0
11748,0
11038,0
50,0
944,0
5802,0
10475,0
17323,1
6365,0
14340,0
9870,1
13904,1
12828,0
2497,0
5587,0
11417,0
9829,0
12878,1
7362,0
17548,0
14400,0
11030,1
9853,0
16174,0
13194,0
15351,0
9246,0
8402,0
3993,0
6620,1
11460,1
13735,0
15770,0
2042,0
8471,1
11977,0
13109,0
13459,0
16180,1
744,0
7582,1
6247,0
5755,0
14425,0
8163,1
4282,0
2187,0
8135,0
6574,0
9838,0
12392,0
8612,1
6524,0
619,0
14551,1
5521,0
13631,0
6168,0
2667,0
633,1
1988,0
15635,0
11178,0
2676,1
16600,0
11300,1
16846,0
2681,0
16313,0
8899,0
8961,0
11523,0
2887,0
4957,0
11848,0
9684,0
1450,0
7966,0
8787,0
5763,0
3050,0
16479,0
257,0
217,1
14480,0
10451,0
8915,0
17304,0
12119,0
17251,0
15163,1
8134,0
1347,0
3931,0
14524,0
15095,0
5822,0
5619,0
16453,0
2609,0
17916,0
369,0
1382,0
16837,0
13076,0
8361,0
1774,0
15872,0
17627,1
10300,0
14428,1
8140,0
2734,0
10546,0
789,0
13140,0
8337,0
16199,0
5667,0
12704,1
12178,0
91,0
15664,0
5059,0
14670,0
6256,0
8773,0
9353,0
11705,0
10590,0
2739,0
12600,0
430,0
1266,1
6682,0
15640,0
11285,0
969,0
15170,0
5522,0
10857,0
2283,0
13766,0
16822,1
13139,0
3208,1
2574,0
14766,0
12185,1
14846,0
1777,0
5329,0
6456,0
3437,0
10907,0
11540,0
4984,0
16173,0
16024,0
2296,0
2470,0
4244,0
8391,0
12889,0
3126,0
1413,0
3641,0
12138,0
8170,0
13944,0
16122,0
5911,0
13687,0
12227,0
8985,1
4585,0
12945,0
10462,1
17267,0
14618,0
6137,0
4523,0
3425,0
4227,0
10952,0
4184,0
11606,0
10864,1
9347,0
9311,1
17855,0
2744,0
7019,0
11181,1
10318,0
12234,0
4411,0
3441,0
17828,0
8207,0
3424,0
14663,1
14609,0
2652,1
12139,0
8821,0
16792,1
12601,0
9850,1
1215,0
1939,0
2933,0
975,0
3847,1
6966,1
1184,0
5712,0
9328,1
4644,1
3887,0
13950,1
4062,0
16671,0
17863,0
7327,0
12815,0
6485,0
4558,0
17735,0
7161,0
1373,0
8366,1
6686,0
9596,0
968,0
536,1
8539,0
15623,0
713,0
9791,0
12642,1
16229,0
11905,0
12275,0
12241,0
8657,0
14731,0
15368,0
10262,0
17841,0
6391,0
8239,1
4312,0
11295,0
17550,0
10231,0
9120,1
4376,1
12406,0
16876,0
9497,0
13973,0
355,0
16438,0
7963,0
17193,0
5744,0
13294,0
7542,0
8345,0
7796,1
6577,0
2796,0
15776,0
11797,0
5623,0
8888,0
9520,0
5461,0
11536,0
13837,0
12684,0
17547,0
4596,0
12650,0
17349,0
4040,0
6807,1
10335,0
1212,0
16300,0
11018,0
10915,0
9936,0
10199,0
4213,0
5165,0
11233,0
15940,0
10734,0
7384,1
15578,0
17744,0
7215,1
15010,0
11740,0
8452,0
15937,0
4308,0
7821,0
17781,0
673,0
9299,1
5965,0
11149,1
10726,0
11206,0
2328,0
9470,0
7272,0
1548,0
7913,0
13854,0
1291,0
11229,0
5957,0
9082,1
4278,1
10677,0
17825,0
9635,0
3814,0
13625,1
17890,0
17178,0
15354,0
4612,0
10321,0
319,0
10135,1
10271,0
3468,0
1337,0
6055,0
15683,0
8998,0
12796,0
3634,0
3558,0
13279,0
3688,0
1145,0
2489,0
17819,0
6948,0
12352,0
6999,1
4436,0
338,0
14194,0
6812,1
5132,0
13221,0
14313,0
8145,0
17783,0
1578,0
11529,0
326,0
4830,1
336,0
15619,0
4096,0
17019,0
8433,0
6937,1
39,0
7314,1
2393,0
12328,0
5139,0
501,0
7183,0
10092,0
14374,0
9869,0
5058,1
10056,0
600,0
12438,0
11384,0
13390,0
32,0
16228,0
11386,0
5888,0
5402,0
4023,1
13607,0
16207,1
14773,0
5483,0
16519,1
4009,0
8630,1
9400,0
8596,0
8934,0
11176,0
8654,0
1411,1
6134,0
5515,0
13689,0
6896,0
11388,0
3998,0
4670,1
6927,1
15907,0
10076,0
10070,1
15499,0
783,0
9757,0
9715,1
14016,0
15230,0
6731,0
4827,0
2212,0
15962,0
8691,0
10472,0
17493,0
1852,0
7657,0
11880,0
1904,0
5950,0
4752,0
7224,1
17303,0
5608,1
3555,0
8227,0
6919,0
12900,0
8556,0
15780,0
16301,0
5013,1
11011,0
14990,0
7399,0
857,0
10631,0
15925,0
10863,0
10476,0
7844,0
12257,0
4708,0
8068,0
8818,1
7096,0
14370,0
10630,0
15661,1
13115,0
6513,0
9121,0
14293,0
2484,0
6243,1
1687,0
8244,0
10909,0
9109,1
6350,0
1128,1
11801,0
1313,0
16220,0
863,0
13639,0
812,1
3582,0
1307,1
15126,0
16260,0
13529,0
3100,0
16535,0
7881,1
8179,1
1993,0
10035,1
10752,0
16439,0
13561,0
17170,0
3072,0
5577,0
6962,0
4723,0
5293,0
17748,0
17596,0
16085,0
10993,0
5063,0
12088,0
13177,0
9842,0
10833,0
17770,0
5555,0
14899,0
12320,1
9767,0
4610,1
9079,0
6390,0
14697,0
5955,0
9009,0
9616,0
7359,0
11252,0
13862,1
6527,0
10723,0
3714,0
10181,0
11817,0
8909,0
16080,0
13809,0
3580,0
8707,0
3930,1
9716,0
10791,1
3105,1
14091,1
10152,0
1598,0
6304,0
9598,0
15053,0
17495,0
14056,0
10459,1
17443,0
8569,1
7034,0
5177,0
11711,0
1677,0
6940,0
12021,0
1581,0
10469,0
16967,0
14885,1
4423,0
11114,0
9046,0
15050,0
7878,0
4936,1
5771,0
12756,0
2600,0
15465,0
15259,0
12922,0
5362,1
15026,1
14109,0
3630,0
6725,1
8810,1
4832,0
4907,0
17551,0
17851,1
16622,1
17168,0
8221,0
15704,0
12883,0
15836,0
6741,0
16250,0
3709,0
8842,0
9026,0
14459,0
17215,0
3517,0
17201,0
9818,0
4759,0
6595,0
1269,1
4461,0
9240,0
976,0
8917,0
15672,0
13832,0
10403,0
2169,0
17244,0
14285,0
16524,0
16134,0
10439,1
12604,0
9071,0
14698,0
7975,0
8269,0
14296,0
12285,0
915,1
9674,0
4263,0
16392,0
12342,0
3513,0
9908,0
13947,0
12893,0
8515,1
5750,0
16514,0
8965,1
11407,0
16596,0
10872,0
4221,0
293,0
6510,0
12277,1
4927,0
10625,0
10490,0
9051,1
1297,0
2055,0
15495,0
8728,0
5644,0
7111,0
7810,0
11216,0
15589,0
9802,0
15886,0
7948,0
8592,1
15590,1
7808,1
8862,0
11500,0
4349,0
6836,0
1779,0
16278,1
9098,0
6173,0
11647,1
10633,0
13629,0
4129,0
488,1
7329,0
17859,1
5443,0
2293,0
1057,0
10165,0
6641,0
9950,1
7654,1
6479,0
15398,0
8105,0
9577,0
5115,0
9290,0
17541,1
2501,0
1036,0
1004,1
2400,0
5718,1
16893,1
651,0
16471,0
5999,0
5860,0
7043,1
7569,1
9085,0
5857,0
15919,0
15449,0
93,0
16531,1
6071,0
1328,0
2488,1
14457,1
9056,0
4373,1
11102,0
669,0
1889,0
17070,0
14772,0
201,0
17179,0
8454,0
12533,0
4655,0
14475,0
10755,0
8235,1
6410,0
10328,0
7752,0
6278,0
6453,1
17377,0
13175,1
1385,0
5166,1
12401,1
13599,0
4706,0
1707,0
11398,0
5805,0
295,0
6766,0
12302,0
12163,0
9873,0
356,0
14149,0
3043,0
3258,0
17110,0
16249,0
8643,0
9816,0
10122,0
6081,0
10957,0
2461,0
5637,0
11506,0
15740,0
13049,0
5620,0
2748,0
4470,0
2421,0
9275,0
3826,0
4380,0
3403,0
521,0
3353,0
13919,0
4564,1
6291,0
8679,0
9670,0
16307,0
8251,0
7273,0
9496,0
4983,0
8024,0
11576,1
500,0
11364,0
14470,1
14549,0
4056,0
5992,0
5674,1
12636,0
8565,0
16595,0
10449,0
16545,0
10232,0
14970,0
5282,0
10667,0
6395,0
2030,1
7617,0
7514,0
166,0
10041,0
15340,0
514,0
11123,0
10474,0
14080,0
2525,1
15772,0
1856,0
4165,0
1605,0
6466,0
6266,0
16153,0
2535,0
17699,0
2911,0
1806,0
8551,0
16994,0
16722,0
10043,0
13442,1
15349,0
6893,0
1117,1
11022,1
822,0
15556,0
7148,1
3221,0
279,0
6719,1
17619,0
8755,0
4381,1
9917,0
13810,0
471,0
4876,0
14083,0
3382,0
11140,1
15756,0
9368,0
3879,0
16001,1
5778,0
15825,0
15802,0
10144,0
3446,0
5450,0
13764,0
2029,0
207,0
10862,0
1775,0
9408,0
7675,1
3660,0
2778,0
243,0
17995,0
9893,0
14595,0
17804,0
2720,0
12305,1
2921,1
15395,1
7602,0
8104,0
2116,1
2917,0
5151,0
10919,0
14834,0
5334,1
10976,0
8054,0
14193,1
9212,1
4712,0
1812,0
13490,0
11950,0
10313,0
11704,0
416,0
11719,0
16812,0
76,0
11442,0
8684,0
1061,0
14235,0
17414,0
5243,0
16224,0
5846,0
11714,0
3001,0
1527,0
7269,1
9379,0
16654,0
9491,0
6415,0
6786,0
2511,0
11855,1
17986,0
10569,0
13677,0
6901,0
7678,0
10406,0
1316,1
15784,0
14785,0
11697,0
7627,0
11170,0
3639,0
10540,0
14446,0
7322,0
14682,0
4631,0
8124,1
13875,0
14214,0
8331,0
6346,0
9741,0
13020,0
13779,0
874,1
6369,0
2965,0
6344,0
15903,1
6433,0
7780,0
15242,0
14832,0
10550,0
11320,0
7069,0
10908,0
11775,0
11166,0
10853,0
11053,0
7510,0
546,0
299,0
8387,0
3102,0
1020,0
17421,0
17293,0
13321,0
3429,0
3557,0
12385,0
1406,0
9080,1
2530,1
13048,0
12316,0
12768,1
985,0
8195,0
16841,0
15994,0
1513,1
7832,0
4550,0
4820,0
11037,0
14058,0
17579,0
8663,0
11832,0
17960,0
8293,0
2617,0
17450,0
9540,0
5695,0
7068,0
1454,0
11838,0
8883,0
17853,0
851,0
15056,0
884,0
15068,1
9366,0
11193,0
6706,0
16938,0
7368,0
10973,0
3312,0
10460,0
17475,0
9216,0
474,0
3604,0
8562,1
15469,0
10703,0
14133,0
17752,0
6650,0
5233,0
3837,0
8516,0
504,0
8043,0
17575,0
17871,1
6316,0
5776,0
6956,1
17232,1
13087,0
14423,1
6333,0
1443,0
12838,0
17326,0
4368,0
5355,0
10085,0
3573,0
16108,1
10609,0
9096,0
12207,0
12214,0
4530,1
6380,0
1356,1
12628,0
2558,0
11563,1
1449,0
16787,0
14848,0
11304,0
5045,1
12260,0
950,0
358,0
17380,0
2712,0
1353,0
15610,0
9833,0
15361,0
13806,0
12134,0
6753,0
12067,1
10779,0
11816,0
3396,0
9231,1
17901,0
17428,1
15286,0
17143,0
3314,0
4949,0
17008,0
3118,0
14534,0
17402,1
9504,0
8472,1
9255,0
15180,0
16060,0
16953,0
14651,1
12629,0
16435,0
5134,0
17626,0
14430,1
11502,0
1628,0
4013,0
17977,0
7613,0
2687,0
17270,0
8091,0
7264,0
2974,0
6185,1
12343,0
15134,0
2403,0
7149,0
5647,0
13728,0
12252,0
3052,0
7951,0
14203,0
11870,1
11639,1
3170,0
9418,0
1423,0
14656,0
8262,0
7419,0
2735,1
300,1
12196,0
15357,0
17268,0
3405,0
6388,0
13674,0
9970,0
2203,0
14119,0
2951,1
2096,0
15952,0
3030,0
7721,0
17393,0
814,0
13068,0
11354,0
1511,0
12599,0
10635,0
12740,1
11874,0
4233,1
11749,0
1054,0
578,0
10825,0
2176,1
956,1
16058,0
7077,0
10618,1
4036,0
14585,0
9676,0
9070,0
710,0
7632,0
6760,0
11258,1
10185,0
9778,0
16738,1
17218,0
17011,0
15874,0
4369,0
9813,0
3857,1
913,0
8840,0
7084,0
254,0
17878,0
6317,0
10456,0
2642,0
5083,1
4125,1
17941,1
7205,0
2479,0
12719,0
17957,0
15716,0
16179,0
3191,0
5305,0
3152,0
1792,0
10967,0
13397,0
10314,0
15005,0
14022,0
1876,0
13418,0
15806,0
994,0
3375,0
423,0
12807,0
14182,0
5237,0
14599,1
7302,0
11391,0
1725,0
17899,0
6270,0
17987,1
8815,0
14134,0
16513,0
10588,0
16949,0
10287,0
3889,0
17642,0
12576,0
9563,0
1678,0
12623,0
9875,0
7285,0
9357,0
8488,0
1684,0
4313,0
8553,0
13407,0
12048,0
2179,0
8993,0
2394,0
10002,1
4539,0
7311,0
6174,0
16941,0
15777,0
575,0
5213,0
24,0
14434,0
16212,0
6736,0
13710,0
4338,0
6308,0
7577,0
14121,0
11995,0
4102,0
5456,0
4064,0
14291,0
7132,0
3568,0
6196,0
2173,1
15663,0
12349,0
9706,0
11957,0
15804,0
4905,0
2711,0
11099,1
1520,0
9621,0
17673,0
8317,0
13846,0
10174,0
5009,0
5585,0
15473,0
7088,0
1383,0
15595,0
15118,0
13480,0
5789,1
11583,0
16409,0
3672,0
12460,0
16010,0
1223,0
12518,0
14860,0
234,0
11322,0
14787,0
9352,0
1924,0
1808,0
12498,1
9745,1
16374,1
1587,0
7715,0
4449,0
4011,1
12538,0
10075,1
5873,0
4545,0
6556,0
11489,0
14238,0
15304,1
8981,0
8353,0
1202,0
11833,0
14679,0
11056,0
1016,0
11471,0
11621,0
9730,0
624,0
16377,0
16783,1
11516,0
2816,0
2625,0
1081,0
3114,1
1659,0
17337,0
6155,0
6883,0
12816,1
7151,1
14072,0
14376,0
12841,1
12125,1
1798,1
7971,1
7123,0
933,0
5099,0
3809,0
16098,0
9831,0
9956,0
10831,0
14873,1
13398,1
12679,0
2976,0
17235,0
16215,0
13852,0
8540,0
11210,0
7783,0
297,1
16768,0
15413,0
5508,0
1761,0
782,0
922,0
8121,0
12803,0
8811,0
12584,0
13252,0
2336,1
13966,0
9136,0
1077,0
2028,0
2506,0
15212,0
11802,1
14735,0
8597,0
16507,0
11315,0
17719,1
5565,0
3572,1
16168,0
11699,0
10845,0
4164,0
9053,0
247,0
8604,0
2612,0
17567,1
6629,0
5940,0
10719,0
15752,0
1093,0
5145,0
11811,0
8658,0
12344,0
11329,0
3742,1
9252,0
16390,0
7722,0
13010,0
13362,0
571,0
16330,0
13613,1
5178,0
3784,1
16175,0
9092,0
1422,0
9159,0
12106,0
17939,1
7366,0
16720,1
2789,1
10302,0
1873,0
2054,0
14015,0
15355,0
14018,0
2106,0
13423,0
14728,0
9696,0
7644,0
5692,0
